group,hold,target,stop,n,net_ret,hit,hit_lo,rand_net,rand_hit,excess,excess_lo,excess_hi,p,profit_factor,target_rate,stop_rate,avg_bars
Ascending Triangle,1,0.01,,3163,-0.00019114376413641894,0.5776161871640847,0.5603182994378344,-0.00029858298718614954,0.5775213404995257,0.00010743922304973047,-0.0003455505273418319,0.000489479926509889,0.282,0.9594447201703965,0.42017072399620614,,1.0
Bear Flag,1,0.01,,4742,-0.00048477691685141534,0.6374947279628849,0.6237058496580641,-0.00047363154978327475,0.6153099957823703,-1.1145367068140687e-05,-0.0004888868085457163,0.00046478565130596435,0.524,0.9207871504316973,0.5714888232813159,,1.0
Bull Flag,1,0.01,,7707,-0.0007294189603288278,0.5930971843778383,0.5820855827815697,-0.0003472005039837532,0.6082262877903205,-0.00038221845634507445,-0.0007138215300182361,-3.6569421459874875e-05,0.994,0.8713495719030403,0.48086155443103673,,1.0
Cup and Handle,1,0.01,,1224,-0.00012715715386291113,0.5743464052287581,0.546456138764486,-0.00018409932553593197,0.5825980392156863,5.694217167302096e-05,-0.0006889890975899716,0.0007363207332705585,0.428,0.9728099701348489,0.42320261437908496,,1.0
Descending Triangle,1,0.01,,1644,-2.8566541488839974e-05,0.6137469586374696,0.5899715662894129,-0.0006155308404596574,0.5751824817518248,0.0005869642989708173,-3.791062774469978e-05,0.0012466127428036138,0.032,0.9944664801224595,0.504257907542579,,1.0
Double Bottom,1,0.01,,5597,-0.00029503796321179494,0.604430945149187,0.5915531033151945,-0.0005050244211812154,0.5815615508308022,0.00020998645796942042,-0.00019507036500411739,0.0005944686426313754,0.082,0.9452938158320668,0.5006253350008933,,1.0
Double Top,1,0.01,,6109,-8.358106081561944e-05,0.6307087903093797,0.6185278149547396,-0.0006764759757317226,0.5682108364707809,0.000592894914916103,0.00024248476342422925,0.0009609327030584381,0.0,0.9850137420525202,0.5522998854149616,,1.0
Falling Wedge,1,0.01,,3183,0.0005419369577807641,0.6154571159283695,0.5984266844736056,-0.00038552002884248584,0.5811812755262331,0.0009274569866232499,0.0004893912271515052,0.0013877134996399835,0.0,1.1196469034178511,0.4875903235940936,,1.0
Head and Shoulders,1,0.01,,1782,0.0004752611538088579,0.6386083052749719,0.6160268214089049,-0.0006354226592840285,0.5774410774410774,0.0011106838130928863,0.0004341825696573994,0.0017994420041044647,0.0,1.093109244467919,0.5606060606060606,,1.0
Inverse Head and Shoulders,1,0.01,,1728,5.515169388796593e-05,0.5931712962962963,0.5698271893216529,-0.0003620098018668262,0.5829861111111111,0.0004171614957547921,-0.00020846758802844917,0.0010133284868547399,0.074,1.011416370147039,0.47627314814814814,,1.0
Inverted Cup and Handle,1,0.01,,564,0.0012336004655923059,0.6808510638297872,0.6412668830847673,-0.0004273157224694166,0.5709219858156028,0.0016609161880617221,0.0006215638872331695,0.002830149404075808,0.0,1.2613309496377323,0.5921985815602837,,1.0
Rectangle,1,0.01,,1337,0.00010630078208655833,0.6050860134629769,0.5786178167709185,-0.00028329952811569173,0.5798803290949888,0.00038960031020225,-0.0003381722968104854,0.0010838030579841055,0.108,1.0217783172040154,0.4824233358264772,,1.0
Rising Wedge,1,0.01,,5611,7.451235883557126e-06,0.5731598645517733,0.560171990354307,-0.0006202442110400044,0.5502940652290145,0.0006276954469235615,0.00028059990655306084,0.0009316064975206181,0.0,1.0016017962643078,0.44644448404918907,,1.0
Symmetrical Triangle,1,0.01,,3678,-2.9445518169982864e-05,0.5908102229472539,0.5748330172306462,-0.0002761688989554438,0.5747145187601957,0.0002467233807854609,-0.0001972227632058813,0.0006691038227814493,0.098,0.9937744460997652,0.44480696030451333,,1.0
Triple Bottom,1,0.01,,143,0.00014808403349837867,0.5874125874125874,0.5054657671294023,-0.00039553641985583786,0.5650349650349651,0.0005436204533542166,-0.0016495243767415489,0.002319899983607101,0.332,1.0344925378873986,0.4195804195804196,,1.0
Triple Top,1,0.01,,214,-0.0006321518860355474,0.5747663551401869,0.5077830509122132,-0.0005133849160462804,0.5476635514018692,-0.00011876696998926715,-0.002058127725755874,0.0017197008836128862,0.59,0.8906426881410241,0.5186915887850467,,1.0
Ascending Triangle,1,0.01,0.02,3163,-0.0008268680069679073,0.5469490989566866,0.5295544178859906,-0.0011448515325527381,0.5372747391716725,0.00031798352558483085,-8.343383967561939e-05,0.0006993054365863695,0.048,0.8372034569451615,0.3926651912741069,0.1492254189061018,1.0
Bear Flag,1,0.01,0.02,4742,-0.002817626668941772,0.5253057781526782,0.5110779477187951,-0.0021324078673976843,0.530113876001687,-0.0006852188015440873,-0.0010707645995316278,-0.0003026088027116062,1.0,0.619810143639497,0.4628848587094053,0.2975537747785744,1.0
Bull Flag,1,0.01,0.02,7707,-0.0016980870962596216,0.5334111846373427,0.5222591885568268,-0.001730528170591523,0.5389775528740106,3.2441074331901606e-05,-0.00024842059570217813,0.00030865042934267865,0.394,0.7212248584602965,0.42441935902426364,0.21071752951861944,1.0
Cup and Handle,1,0.01,0.02,1224,-0.0008261780167647398,0.5400326797385621,0.5120293521458305,-0.0009989129531961585,0.5451797385620915,0.00017273493643141875,-0.0004757023698907214,0.0008169792884392416,0.298,0.8367525827668608,0.39052287581699346,0.14460784313725492,1.0
Descending Triangle,1,0.01,0.02,1644,-0.0016325053069208737,0.5456204379562044,0.5214728193092557,-0.0015449569167684178,0.5268248175182482,-8.754839015245578e-05,-0.0006866512572337725,0.0005150600854810188,0.632,0.7353362626370693,0.44343065693430656,0.21228710462287104,1.0
Double Bottom,1,0.01,0.02,5597,-0.001414228741195693,0.5483294622118993,0.5352627697667366,-0.001588431918531636,0.5292835447561194,0.0001742031773359429,-0.00018360946465038175,0.0005118145977970683,0.122,0.7644769266355318,0.44809719492585315,0.2101125603001608,1.0
Double Top,1,0.01,0.02,6109,-0.002386343253356363,0.5313471926665575,0.5188177076119923,-0.0016016700986577993,0.5209690620396137,-0.0007846731546985637,-0.001138803215146196,-0.00044857521942987644,1.0,0.6574065912918703,0.45735799639875596,0.2668194467179571,1.0
Falling Wedge,1,0.01,0.02,3183,-0.0004785196791139582,0.5711592836946278,0.5538901528921182,-0.0012998462604221202,0.5369148601947848,0.0008213265813081621,0.00042464339495952954,0.0012139849982219341,0.0,0.9070304125709611,0.4458058435438266,0.1633678919258561,1.0
Head and Shoulders,1,0.01,0.02,1782,-0.0016621603904550045,0.5443322109988776,0.5211377765148486,-0.0017267787160019136,0.5238496071829405,6.461832554690937e-05,-0.0005089166493384891,0.0006576693529877242,0.418,0.7393685131727837,0.4708193041526375,0.23961840628507294,1.0
Inverse Head and Shoulders,1,0.01,0.02,1728,-0.001014774998069635,0.5474537037037037,0.5239055282957693,-0.0013583387256615657,0.5340856481481482,0.0003435637275919312,-0.00024480213565418615,0.0008619285001886292,0.11,0.8154546443108319,0.4357638888888889,0.1712962962962963,1.0
Inverted Cup and Handle,1,0.01,0.02,564,-0.0008975908886854012,0.599290780141844,0.5583068760185094,-0.0012620591018042526,0.5322695035460993,0.00036446821311885135,-0.0006423091247319863,0.001480655158918155,0.208,0.8526109115858146,0.5141843971631206,0.24113475177304963,1.0
Rectangle,1,0.01,0.02,1337,-0.001512348545662527,0.5385190725504861,0.5117248640719533,-0.0012612508158520057,0.5345549738219896,-0.0002510977298105216,-0.0009345664318577538,0.00045346064410357265,0.776,0.7439139843812089,0.4218399401645475,0.20194465220643232,1.0
Rising Wedge,1,0.01,0.02,5611,-0.0008400180435227499,0.5348422741044377,0.5217717250188008,-0.0014154472072577242,0.5113527000534664,0.0005754291637349743,0.00025267885618280336,0.0008893808606695675,0.0,0.8368337465206146,0.41008732846194973,0.1445375155943682,1.0
Symmetrical Triangle,1,0.01,0.02,3678,-0.000809391359558702,0.5568243610657966,0.5407188215969196,-0.0010974413843973872,0.5361881457313757,0.0002880500248386852,-0.00010987076510434334,0.0007198165851007747,0.052,0.8444083544542834,0.4132680804785209,0.15361609570418705,1.0
Triple Bottom,1,0.01,0.02,143,-0.0008547935902247737,0.5524475524475524,0.4706372701211171,-0.0009890844335989448,0.5356643356643357,0.000134290843374171,-0.0018573136779035508,0.002056063779327891,0.446,0.8277989967585896,0.38461538461538464,0.16083916083916083,1.0
Triple Top,1,0.01,0.02,214,-0.0032581796504693727,0.4719626168224299,0.4061615779607287,-0.0010369594458780839,0.5228971962616823,-0.0022212202045912887,-0.0038873452575447875,-0.0005803399805495502,0.998,0.5626993903093442,0.4205607476635514,0.26635514018691586,1.0
Ascending Triangle,1,0.02,,3163,-0.0002492017575559951,0.5134366108125198,0.4960120169089977,-0.00028753458193315584,0.5111919064179576,3.8332824377160684e-05,-0.0005010146011083899,0.0005046378756814687,0.424,0.9532804916720586,0.141005374644325,,1.0
Bear Flag,1,0.02,,4742,-0.0006406329919139362,0.5191902150991143,0.5049595914025318,-0.0004940386821622772,0.515225643188528,-0.00014659430975165908,-0.0007092267792870912,0.0005139637534460672,0.7,0.9177922711447405,0.2920708561788275,,1.0
Bull Flag,1,0.02,,7707,-0.0010105711655190304,0.5016219021668613,0.4904608703916023,-0.00037182045669651863,0.5208771246918386,-0.0006387507088225116,-0.000986613216194988,-0.0002707572340364916,1.0,0.8508355254676743,0.1947580121967043,,1.0
Cup and Handle,1,0.02,,1224,-0.00034476431289069573,0.49673202614379086,0.468775265335689,-5.44251098315686e-05,0.5129084967320261,-0.00029033920305912716,-0.001176032545687574,0.0005511761119176985,0.776,0.9370808339989308,0.1576797385620915,,1.0
Descending Triangle,1,0.02,,1644,0.00015360549112120755,0.5237226277372263,0.4995527198483906,-0.0005770163561877773,0.49878345498783455,0.0007306218473089848,-6.615764623011869e-05,0.0015165576548218733,0.03,1.0247091285229275,0.22627737226277372,,1.0
Double Bottom,1,0.02,,5597,-0.0004159913686270433,0.51313203501876,0.5000327249792929,-0.0005574863328842456,0.5038592102912275,0.0001414949642572022,-0.000317558105201845,0.0005933537069472823,0.224,0.9362005106693185,0.21547257459353225,,1.0
Double Top,1,0.02,,6109,-0.0002764231346099631,0.5171059093141267,0.5045680645797691,-0.000743383012689814,0.48731379931248975,0.0004669598780798508,1.2563172712609164e-05,0.0009274773449628357,0.006,0.9613993719509231,0.2699296120477983,,1.0
Falling Wedge,1,0.02,,3183,0.0006454700891620352,0.5350298460571787,0.5176703794546849,-0.000450615787311014,0.5046497015394282,0.0010960858764730492,0.0005118445117933148,0.0016613310952787901,0.0,1.1190338767446002,0.19698397737983034,,1.0
Head and Shoulders,1,0.02,,1782,0.00047753219334455724,0.5263748597081931,0.5031601342731328,-0.000843994013382266,0.49219977553310884,0.0013215262067268227,0.0004887645038733365,0.0021513776685710352,0.0,1.0730114892967886,0.2738496071829405,,1.0
Inverse Head and Shoulders,1,0.02,,1728,-5.551844117924122e-05,0.5040509259259259,0.4804937371746731,-0.00036286864381207643,0.5094328703703703,0.00030735020263283506,-0.00043617695417607944,0.0009781943833974635,0.196,0.990145295800351,0.17939814814814814,,1.0
Inverted Cup and Handle,1,0.02,,564,0.0020569320423237903,0.5886524822695035,0.54757425580168,-0.0005102751103463547,0.4874113475177305,0.0025672071526701454,0.0012416211336241873,0.004041035017319488,0.0,1.3468635657861656,0.3173758865248227,,1.0
Rectangle,1,0.02,,1337,-0.00010761473388787098,0.5086013462976814,0.48181749510227795,-0.00032942804087148403,0.5052356020942408,0.000221813306983613,-0.000570783752057285,0.0010371697259380914,0.256,0.9817513909053904,0.18773373223635004,,1.0
Rising Wedge,1,0.02,,5611,0.00016970347200027743,0.5027624309392266,0.489682258924924,-0.0006986986442093071,0.4792015683478881,0.0008684021162095846,0.00046192289295462477,0.001240669573684634,0.0,1.031456084200398,0.18053822847977188,,1.0
Symmetrical Triangle,1,0.02,,3678,0.00021228212158907667,0.5261011419249593,0.5099451254264066,-0.0003198419557745154,0.5026644915715063,0.000532124077363592,-3.349697792717822e-05,0.0010681786990770605,0.01,1.038883326894178,0.1756389342033714,,1.0
Triple Bottom,1,0.02,,143,-0.001244616934208684,0.45454545454545453,0.37518809216689986,-0.00044369915883781934,0.4937062937062937,-0.0008009177753708646,-0.0029523827736309583,0.0013502413514303627,0.792,0.777356128319333,0.13286713286713286,,1.0
Triple Top,1,0.02,,214,-0.000494560655204604,0.4766355140186916,0.4107206937462206,-0.0005485376872047088,0.4803738317757009,5.397703200010437e-05,-0.002148759535832676,0.002240972235925174,0.492,0.9302084294863954,0.24299065420560748,,1.0
Ascending Triangle,1,0.02,0.02,3163,-0.0005467307987476453,0.4966803667404363,0.47927020103820817,-0.0006491888541119713,0.48978817578248496,0.00010245805536432612,-0.00039462366640760806,0.0005091393560133018,0.302,0.8987473371049465,0.1315207081884287,0.1492254189061018,1.0
Bear Flag,1,0.02,0.02,4742,-0.0017690573158626168,0.4559257697174188,0.44179121381588937,-0.0011170467768127823,0.46760860396457193,-0.0006520105390498344,-0.0011339768624632457,-0.00019828761066134246,0.998,0.7746068350967178,0.2410375369042598,0.2975537747785744,1.0
Bull Flag,1,0.02,0.02,7707,-0.001100998507966586,0.47385493707019594,0.4627229406953325,-0.0009038699220748176,0.4828078370312703,-0.00019712858589176837,-0.0005030978130603709,0.0001293094578532713,0.914,0.8292772070948844,0.17633320358115998,0.21071752951861944,1.0
Cup and Handle,1,0.02,0.02,1224,-0.0004209011246971292,0.48284313725490197,0.45494565395957953,-0.00043722266557324417,0.49330065359477127,1.632154087611488e-05,-0.0007103260264829972,0.0007701729572829699,0.496,0.9211480481859803,0.14705882352941177,0.14460784313725492,1.0
Descending Triangle,1,0.02,0.02,1644,-0.0007045372779485582,0.4854014598540146,0.46130403400004927,-0.0008801030034672922,0.4737226277372263,0.0001755657255187342,-0.0005520177039737073,0.0008803652604850598,0.276,0.8915010378168119,0.1989051094890511,0.21228710462287104,1.0
Double Bottom,1,0.02,0.02,5597,-0.0006171865054424466,0.488297302126139,0.4752140968448982,-0.0009616373631895667,0.476969805252814,0.0003444508577471203,-7.984666616434219e-05,0.0007496401531667027,0.026,0.9031552017390667,0.20064320171520458,0.2101125603001608,1.0
Double Top,1,0.02,0.02,6109,-0.0013765802547385144,0.46374201997053527,0.45126335787447164,-0.0010662023686812533,0.46225241447045345,-0.0003103778860572608,-0.0007240910405367857,0.00011159452696156209,0.96,0.8140766213202578,0.23064331314454084,0.2668194467179571,1.0
Falling Wedge,1,0.02,0.02,3183,0.00024663244683887736,0.5133521834747093,0.49598242674092213,-0.0007606554930380312,0.48206094879044925,0.0010072879398769089,0.0005231040083132789,0.0014822676045749175,0.0,1.0449677556413224,0.18190386427898209,0.1633678919258561,1.0
Head and Shoulders,1,0.02,0.02,1782,-0.0006472212761104921,0.4730639730639731,0.4499653134641669,-0.0011636602232275698,0.46402918069584737,0.0005164389471170778,-0.00016272531144705886,0.0012532464775343065,0.056,0.9045805775340658,0.23120089786756454,0.23961840628507294,1.0
Inverse Head and Shoulders,1,0.02,0.02,1728,-0.0007249308471969875,0.4774305555555556,0.45395559508591204,-0.000748327741411847,0.48443287037037036,2.3396894214859458e-05,-0.0006483183777812663,0.000653594806578982,0.466,0.8774172899942951,0.16145833333333334,0.1712962962962963,1.0
Inverted Cup and Handle,1,0.02,0.02,564,0.0008443476166662853,0.5443262411347518,0.5030615705894599,-0.0008674857557677381,0.4684397163120567,0.0017118333724340231,0.0004839710618605797,0.00314590977635701,0.0,1.1314609908967985,0.28191489361702127,0.24113475177304963,1.0
Rectangle,1,0.02,0.02,1337,-0.0009693387712817223,0.47344801795063574,0.446798589216155,-0.0008137242819514478,0.47920718025430065,-0.00015561448933027442,-0.0009371499261300012,0.0006688273073698585,0.688,0.8453051193008624,0.1667913238593867,0.20194465220643232,1.0
Rising Wedge,1,0.02,0.02,5611,-0.00020396057625005515,0.48191053288183927,0.46885298424449207,-0.000988529659468512,0.4584744252361433,0.0007845690832184569,0.0003949744390284125,0.0011675461172739458,0.0,0.9625505713751491,0.16663696310818035,0.1445375155943682,1.0
Symmetrical Triangle,1,0.02,0.02,3678,-3.535773868127226e-05,0.5097879282218597,0.4936300263602434,-0.0006491476917716083,0.4827079934747145,0.0006137899530903359,0.00015018391133002785,0.0011366080620714967,0.004,0.9935363300058,0.1653072321914084,0.15361609570418705,1.0
Triple Bottom,1,0.02,0.02,143,-0.0013979317039429218,0.44755244755244755,0.36848638099977826,-0.000765946568806347,0.47762237762237764,-0.0006319851351365744,-0.0026765052836178744,0.0014453683311761252,0.74,0.756535844742667,0.13286713286713286,0.16083916083916083,1.0
Triple Top,1,0.02,0.02,214,-0.0019750354380569705,0.4205607476635514,0.3563919557700949,-0.0006910652238263779,0.4677570093457944,-0.0012839702142305924,-0.0032549063627310137,0.0005869906749177182,0.934,0.7431687165395322,0.21495327102803738,0.26635514018691586,1.0
Ascending Triangle,1,,,3163,-0.00040389115813403817,0.5017388555169143,0.48432227534254685,-0.0002353179498946739,0.4968384445147012,-0.0001685732082393642,-0.0007675775850564924,0.00034350146648759466,0.742,0.9267071964487561,,,1.0
Bear Flag,1,,,4742,-0.0013238162236795126,0.4696330662167862,0.4554583236512361,-0.0004426398241101621,0.48363559679460144,-0.0008811763995693502,-0.0015919431542188373,-0.00017847389081664735,0.992,0.8491184295459858,,,1.0
Bull Flag,1,,,7707,-0.0010974393566934653,0.47800700661736084,0.4668684773926217,-0.0002208427141502285,0.4956922278448164,-0.0008765966425432367,-0.0013247060933074784,-0.0004344031301791907,1.0,0.8459424226062005,,,1.0
Cup and Handle,1,,,1224,-0.0004454378785631506,0.4820261437908497,0.4541328180473798,-0.00010124794184020077,0.49697712418300655,-0.00034418993672294965,-0.001328977235420501,0.0005926283000277073,0.786,0.9207727139284227,,,1.0
Descending Triangle,1,,,1644,-0.0002547412297702554,0.4951338199513382,0.47100457758561826,-0.0007099738355204652,0.47840632603406325,0.0004552326057502098,-0.00042891336329072016,0.001385958978648527,0.118,0.9622338745280942,,,1.0
Double Bottom,1,,,5597,-0.0004285179081704245,0.4900839735572628,0.4769985316704747,-0.0005940828370095557,0.48518849383598356,0.0001655649288391313,-0.00040425104936055606,0.0007001504142422648,0.208,0.9372779681807558,,,1.0
Double Top,1,,,6109,-0.0008563330566866687,0.4752005238173187,0.4626970989212981,-0.0008130271138982063,0.468570960877394,-4.330594278846242e-05,-0.0006649481798816611,0.0005147136952243542,0.578,0.8928196889684163,,,1.0
Falling Wedge,1,,,3183,0.00079607805087852,0.5177505497957902,0.5003802373308306,-0.0004452153508959254,0.4883757461514295,0.0012412934017744456,0.0005953608213416024,0.0018503336154463907,0.0,1.141892973898779,,,1.0
Head and Shoulders,1,,,1782,-0.0004315404731595137,0.47474747474747475,0.4516411219581065,-0.0009347177965865663,0.471324354657688,0.0005031773234270529,-0.0004576451052766419,0.0015398632060041138,0.14,0.9434314461204893,,,1.0
Inverse Head and Shoulders,1,,,1728,-0.0002969791845406188,0.4861111111111111,0.4626020124262684,-0.0003503896444306224,0.49189814814814814,5.3410459890003655e-05,-0.0008857809345784921,0.0008209231945233668,0.466,0.9494443569881159,,,1.0
Inverted Cup and Handle,1,,,564,0.001887991236401328,0.5372340425531915,0.4959699388592773,-0.0006104256960776205,0.47198581560283687,0.0024984169324789494,0.0008371935984246668,0.004291968929228447,0.0,1.284252231408016,,,1.0
Rectangle,1,,,1337,-0.00034872234355419327,0.4839192221391174,0.45721594322229653,-0.00032843475764073027,0.48908002991772626,-2.0287585913462923e-05,-0.0010329573766675528,0.0009772805505280362,0.5,0.9438927722642916,,,1.0
Rising Wedge,1,,,5611,3.7943499074125036e-05,0.4838709677419355,0.470810323280305,-0.0008636263655158009,0.46309035822491534,0.000901569864589926,0.00046675391178393154,0.0013219455989055137,0.0,1.0066944362222359,,,1.0
Symmetrical Triangle,1,,,3678,0.00028504101917223307,0.511963023382273,0.49580437901561886,-0.00042760335722979363,0.4864056552474171,0.0007126443764020266,0.00011916304677420944,0.0012836789114243027,0.0,1.0500904813754648,,,1.0
Triple Bottom,1,,,143,-0.001535470436303052,0.4405594405594406,0.36180032711402477,-0.0003435674690815743,0.4874125874125874,-0.0011919029672214773,-0.0033512344973157093,0.0011382645767191463,0.876,0.7310112030344761,,,1.0
Triple Top,1,,,214,-0.0005327512535508964,0.4532710280373832,0.38798245680526094,-0.0008532403907810646,0.46261682242990654,0.00032048913723016785,-0.001985322401116641,0.002612542299783412,0.362,0.9270826097508085,,,1.0
Ascending Triangle,1,,0.02,3163,-0.0004788463346974829,0.49035725576983874,0.47295761196221325,-0.00036832865191862473,0.4822636737274739,-0.0001105176827788578,-0.000600723378741648,0.00035557019264064696,0.676,0.9119582086832941,,0.1492254189061018,1.0
Bear Flag,1,,0.02,4742,-0.0011478699727552018,0.43525938422606497,0.4212058820683286,-0.00038451868502232915,0.45215099114297763,-0.0007633512877328725,-0.0013228054926083261,-0.0002520897727568861,0.998,0.8563849763315933,,0.2975537747785744,1.0
Bull Flag,1,,0.02,7707,-0.0007764784706935789,0.4610094719086545,0.4499025827465136,-0.00027620555296811424,0.47076683534449204,-0.0005002729177254643,-0.0008860352831076081,-0.00013169550299796916,0.994,0.8812002943903022,,0.21071752951861944,1.0
Cup and Handle,1,,0.02,1224,-0.0003587082503802887,0.4738562091503268,0.44600856332073585,-0.00018461785528186322,0.48423202614379085,-0.0001740903950984252,-0.0009853358692180477,0.0006904220528756319,0.706,0.9335239233866891,,0.14460784313725492,1.0
Descending Triangle,1,,0.02,1644,-0.00040671265569751716,0.4732360097323601,0.44919120690029984,-0.0006176346963605802,0.46228710462287104,0.00021092204066306325,-0.0005696407661769117,0.0010466754991654028,0.262,0.9381430471179862,,0.21228710462287104,1.0
Double Bottom,1,,0.02,5597,-0.0002355816625486871,0.474718599249598,0.4616578610763873,-0.0006695996146751318,0.467214579238878,0.0004340179521264449,-2.9107339673356826e-05,0.0009229845474611821,0.018,0.9635068935367466,,0.2101125603001608,1.0
Double Top,1,,0.02,6109,-0.0007904306618413361,0.4455721067277787,0.43314632247384044,-0.0007651301715367774,0.4517924373874611,-2.5300490304558484e-05,-0.0005088486286633193,0.00046437236076399263,0.55,0.8949113591547242,,0.2668194467179571,1.0
Falling Wedge,1,,0.02,3183,0.0006015402191340806,0.5026704366949418,0.48530762014951556,-0.00047098401794960044,0.47291863022306,0.0010725242370836815,0.0005019104610729188,0.0016201349099764306,0.0,1.1083701656642089,,0.1633678919258561,1.0
Head and Shoulders,1,,0.02,1782,-7.801292213629466e-05,0.4506172839506173,0.4276464455295775,-0.0008332686173494764,0.45258136924803594,0.000755255695213182,-3.680865077664984e-05,0.0016671821245250167,0.03,0.988764836876423,,0.23961840628507294,1.0
Inverse Head and Shoulders,1,,0.02,1728,-0.000582584837747284,0.4699074074074074,0.4464677793303553,-0.0004643939178286017,0.4751736111111111,-0.00011819091991868206,-0.0009327332690127971,0.0005975809187045971,0.632,0.9021476275837932,,0.1712962962962963,1.0
Inverted Cup and Handle,1,,0.02,564,0.0015385707587421695,0.5177304964539007,0.47651061399540334,-0.0006303748315546422,0.4599290780141844,0.002168945590296812,0.0006839579935694442,0.0037706955361175255,0.0,1.231989323209333,,0.24113475177304963,1.0
Rectangle,1,,0.02,1337,-0.0008633074484553538,0.45923709798055345,0.4326795623249564,-0.0005071312590668204,0.47165295437546745,-0.00035617618938853354,-0.0013373182039112877,0.0005470883768676891,0.818,0.8645000115204251,,0.20194465220643232,1.0
Rising Wedge,1,,0.02,5611,1.4188530783280415e-05,0.47086080912493317,0.45782447765524925,-0.000803292710482845,0.44995544466227055,0.0008174812412661257,0.000404711527869703,0.0012197280337689397,0.0,1.002571562727176,,0.1445375155943682,1.0
Symmetrical Triangle,1,,0.02,3678,0.0003458775891843086,0.5027188689505165,0.48656548974380076,-0.00045133766558396837,0.4736541598694943,0.0007972152547682771,0.0002790680202795197,0.0013527387185076928,0.0,1.062809571895115,,0.15361609570418705,1.0
Triple Bottom,1,,0.02,143,-0.0016887852060372894,0.43356643356643354,0.35513000316071885,-0.0006622546519962284,0.47412587412587415,-0.0010265305540410607,-0.0032966646698461403,0.0013189539818928109,0.852,0.7118101608610626,,0.16083916083916083,1.0
Triple Top,1,,0.02,214,-0.0014207885043246336,0.40654205607476634,0.34294145619645944,-0.0007952577435205795,0.4546728971962617,-0.0006255307608040538,-0.002685570188806942,0.001617308847750418,0.756,0.8183461339638176,,0.26635514018691586,1.0
Ascending Triangle,2,0.01,,3163,0.00020563187408364854,0.664242807461271,0.6475941395189546,0.0001087416492215687,0.6628201074928864,9.689022486207972e-05,-0.0004915802734945278,0.0006524553384757021,0.342,1.0351436866919634,0.5912108757508694,,1.579829276003794
Bear Flag,2,0.01,,4742,-0.0010907678498966017,0.7127794179671025,0.6997328786580335,-0.0005888540011460654,0.695634753268663,-0.0005019138487505364,-0.0011428639295997102,9.555982170021133e-05,0.978,0.8607639154728265,0.6866301138760017,,1.428511176718684
Bull Flag,2,0.01,,7706,-0.0005323011648806281,0.6788216973786659,0.6683094171331818,2.6203657885826247e-05,0.6996236698676356,-0.0005585048227664544,-0.0010350252385726989,-0.00016850248688368198,0.994,0.922527490348196,0.6250973267583702,,1.5190760446405398
Cup and Handle,2,0.01,,1224,0.0004850056310894297,0.6723856209150327,0.6455879336493142,1.2285990467786706e-05,0.6694444444444444,0.0004727196406216427,-0.0005609731939393494,0.0013404792311311397,0.164,1.0844149817900566,0.6004901960784313,,1.576797385620915
Descending Triangle,2,0.01,,1642,0.00015504953562182677,0.682095006090134,0.659168515798372,-0.0006665854996524744,0.6522533495736906,0.0008216350352743011,-1.975717786134556e-05,0.0016229805319535834,0.028,1.024166604705135,0.6406820950060901,,1.495127892813642
Double Bottom,2,0.01,,5597,0.0001361835031304497,0.6912631767018046,0.6790323935537919,-0.0002409793549247009,0.6710559228157942,0.0003771628580551505,-0.00016800954040530535,0.0008673273558978663,0.042,1.0212439494078507,0.6444523852063605,,1.4993746649991067
Double Top,2,0.01,,6107,-0.0003512647377546359,0.7077124611102014,0.6961776091412917,-0.0009862747580205973,0.6463238906173244,0.0006350100202659614,0.00010054357087603937,0.0011731574469276093,0.002,0.9504864043289584,0.6784018339610284,,1.4475192402161454
Falling Wedge,2,0.01,,3183,0.0015509369779011524,0.7093936537857367,0.6933750147060281,-0.00016842889079811776,0.6637763116556707,0.00171936586869927,0.001119917970749459,0.0023166008607780073,0.0,1.3062648389954823,0.6556707508639649,,1.5124096764059063
Head and Shoulders,2,0.01,,1782,-0.00012992196059887477,0.7014590347923682,0.6797967312023955,-0.0008629490617173224,0.6520763187429854,0.0007330271011184477,-0.000275699014001427,0.001626489670243777,0.036,0.9809575616675722,0.6689113355780022,,1.4393939393939394
Inverse Head and Shoulders,2,0.01,,1727,-9.81189118197028e-05,0.6734221192819919,0.6509403585664575,-0.00028616624250530026,0.6680949623624783,0.00018804733068559755,-0.000619890402051308,0.001016407026587426,0.372,0.9844183800495997,0.6184134337000579,,1.523451071221772
Inverted Cup and Handle,2,0.01,,564,0.0009060429325350491,0.7429078014184397,0.705280606088652,-0.0005196291806211206,0.6549645390070922,0.0014256721131561698,3.0563735634663216e-05,0.0028696137182363723,0.022,1.142579679877618,0.7180851063829787,,1.4078014184397163
Rectangle,2,0.01,,1335,0.00046711196574818626,0.6816479400749064,0.6561681369795865,9.510882396492907e-05,0.6665168539325843,0.00037200314178325715,-0.0004522817713511368,0.0011767263930036456,0.188,1.0805402306641172,0.6269662921348315,,1.5168539325842696
Rising Wedge,2,0.01,,5610,-9.440178380480599e-05,0.6575757575757576,0.6450543333844986,-0.000994932896964807,0.6217647058823529,0.0009005311131600008,0.00042701334021914275,0.0013230797040735137,0.0,0.9847293836474647,0.6023172905525846,,1.553475935828877
Symmetrical Triangle,2,0.01,,3678,0.0003711682861612643,0.6780859162588363,0.6628073388087856,-0.00020959064549922393,0.6572593800978793,0.0005807589316604882,2.5759463364763417e-05,0.0011687282273391822,0.014,1.0634868098185888,0.6112017400761284,,1.5551930396954867
Triple Bottom,2,0.01,,143,-0.0011769684449715306,0.7132867132867133,0.6343488049956663,-6.978672862724974e-06,0.6531468531468532,-0.0011699897721088065,-0.007096980876023496,0.0028418807629855534,0.816,0.8415165679525467,0.6083916083916084,,1.5804195804195804
Triple Top,2,0.01,,214,-0.0013360428937139283,0.6542056074766355,0.588266300722427,-0.0009576175736840664,0.6228971962616823,-0.0003784253200298619,-0.0027771277527585004,0.0020113215599617024,0.65,0.8181555378670595,0.616822429906542,,1.4813084112149533
Ascending Triangle,2,0.01,0.02,3163,-0.0005517741881820913,0.6098640531141322,0.5927412738039218,-0.0009011388378753249,0.5955105912108758,0.0003493646496932336,-0.00011457515653944358,0.0008080521233015742,0.082,0.909479179821281,0.5431552323743282,0.2374328169459374,1.4581093898197914
Bear Flag,2,0.01,0.02,4742,-0.0032238534306555664,0.556305356389709,0.5421246290305299,-0.002298711190293603,0.5706663854913538,-0.0009251422403619631,-0.0013351418785157228,-0.0004812203769255222,1.0,0.6190436451144621,0.5350063264445382,0.38043019822859553,1.2395613665120202
Bull Flag,2,0.01,0.02,7706,-0.0016001790418634985,0.5872047754996107,0.5761712942417098,-0.0015803196315120668,0.591370360757851,-1.985941035143144e-05,-0.0003560234303115393,0.00027606694339891655,0.582,0.772376857086163,0.5406177004931222,0.29781988061250975,1.3647806903711395
Cup and Handle,2,0.01,0.02,1224,-0.0002672866164757258,0.613562091503268,0.5859677968263285,-0.0008899344794273788,0.6029411764705882,0.0006226478629516531,-0.0001677264303958406,0.0013661599452293057,0.05,0.9552812832500241,0.5473856209150327,0.2369281045751634,1.4648692810457515
Descending Triangle,2,0.01,0.02,1644,-0.0018851943469393067,0.5772506082725061,0.5532179865249973,-0.0017413103550266628,0.5751216545012166,-0.0001438839919126437,-0.0008901759887329742,0.0005405631831703221,0.66,0.7436384500181259,0.541970802919708,0.3126520681265207,1.3442822384428224
Double Bottom,2,0.01,0.02,5597,-0.0011690263325190551,0.6006789351438271,0.5877830883866895,-0.0015125616260211238,0.5865284974093264,0.00034353529350206885,-6.493499909604258e-05,0.000737191267971177,0.034,0.8287201414289195,0.5615508308022155,0.28622476326603535,1.341790244773986
Double Top,2,0.01,0.02,6108,-0.00262151222348988,0.5699083169613621,0.5574519759337953,-0.001891767913986948,0.5690897184020957,-0.0007297443095029327,-0.001092742121788904,-0.00036748634325530063,1.0,0.6724532052856275,0.5494433529796987,0.3529796987557302,1.2757039947609692
Falling Wedge,2,0.01,0.02,3183,-5.957958185462359e-05,0.6343072573044298,0.6174227404266129,-0.0012565184424072103,0.590009425070688,0.001196938860552587,0.0007196267803994983,0.0016790567938189944,0.0,0.9900146273163178,0.58435438265787,0.24159597863650645,1.3908262645303173
Head and Shoulders,2,0.01,0.02,1782,-0.0020389900933367234,0.579685746352413,0.5566198845301613,-0.00200439098955409,0.5674523007856341,-3.459910378263295e-05,-0.0006940910101314497,0.0006841528249637778,0.564,0.7299997734172686,0.5544332210998878,0.3271604938271605,1.2895622895622896
Inverse Head and Shoulders,2,0.01,0.02,1728,-0.0007731788423442952,0.6082175925925926,0.5849854968531085,-0.0013133280534766763,0.5907407407407408,0.0005401492111323813,-0.00013333105006351962,0.001171112792347358,0.064,0.8786958909514148,0.5567129629629629,0.2604166666666667,1.3929398148148149
Inverted Cup and Handle,2,0.01,0.02,564,-0.001414310079814312,0.6170212765957447,0.5762383465498992,-0.0014166982044678182,0.5874113475177305,2.388124653506278e-06,-0.0012120006650625824,0.0012769912472066697,0.48,0.8055532112983663,0.5957446808510638,0.3262411347517731,1.2446808510638299
Rectangle,2,0.01,0.02,1336,-0.0016422786459706967,0.5785928143712575,0.5519261850467779,-0.0012408934006020956,0.5909431137724551,-0.00040138524536860123,-0.0011237494935751769,0.00029707917473568833,0.85,0.764375296937105,0.5336826347305389,0.2926646706586826,1.375748502994012
Rising Wedge,2,0.01,0.02,5610,-0.0010050035465796582,0.5941176470588235,0.5812072461058249,-0.0018107012294135173,0.5586452762923351,0.0008056976828338592,0.0004569983669016927,0.0012125376777798761,0.0,0.8454920622107247,0.5442067736185383,0.24420677361853832,1.445276292335116
Symmetrical Triangle,2,0.01,0.02,3678,-0.0005041997611611822,0.6158238172920065,0.5999910272238757,-0.001114110026585774,0.5917346383904296,0.0006099102654245919,0.0001525014003356945,0.0010800953581340583,0.002,0.9177298118251472,0.5560087003806417,0.244426318651441,1.433115823817292
Triple Bottom,2,0.01,0.02,143,-0.0004318401879351011,0.6293706293706294,0.5477941733888139,-0.00083776849407132,0.6,0.0004059283061362197,-0.0021000251847960918,0.002635951787584855,0.376,0.92841339570825,0.5454545454545454,0.2517482517482518,1.4545454545454546
Triple Top,2,0.01,0.02,214,-0.004282758759160869,0.5093457943925234,0.4427942760249925,-0.001218952554373705,0.5780373831775701,-0.0030638062047871634,-0.004896993284117718,-0.0010205713495204723,1.0,0.5242509249302688,0.48598130841121495,0.38317757009345793,1.3130841121495327
Ascending Triangle,2,0.02,,3163,0.00023005111133027803,0.5542206765728739,0.5368428985522892,0.0004379712569994997,0.5561492254189061,-0.00020792014566922175,-0.000952774483433928,0.0004737948977472824,0.714,1.030989123933781,0.28959848245336706,,1.858994625355675
Bear Flag,2,0.02,,4740,-0.001428600035136599,0.5679324894514768,0.5537807449371176,-0.0007029858581067506,0.560210970464135,-0.0007256141770298485,-0.0015514562448130556,7.074999668900434e-05,0.974,0.8722063240737467,0.4476793248945148,,1.7078059071729959
Bull Flag,2,0.02,,7705,-0.0006497612157785874,0.5492537313432836,0.5381217163952228,0.00039610163284308023,0.5765736534717716,-0.0010458628486216678,-0.0015940860165955875,-0.0005006105614015174,1.0,0.9289685205671225,0.3502920181700195,,1.8051914341336794
Cup and Handle,2,0.02,,1223,0.000244867157476534,0.5617334423548651,0.5337745628742956,0.00039055783834582135,0.5617334423548651,-0.00014569068086928754,-0.0015020575759878284,0.0010545760977498494,0.666,1.0321009409288011,0.30335241210139,,1.8421913327882258
Descending Triangle,2,0.02,,1642,7.445033670229833e-05,0.5456760048721072,0.5215137697013345,-0.0006435410732592202,0.5302070645554202,0.0007179914099615183,-0.00043979548365819513,0.0018772833978382573,0.07,1.0084669674716558,0.37758830694275275,,1.7734470158343483
Double Bottom,2,0.02,,5596,0.0002391390365783886,0.5625446747676912,0.5495085736694721,-0.00010849612608359524,0.5515368120085775,0.00034763516266198366,-0.000336563414450635,0.000993700441035534,0.122,1.0279106387901282,0.365975696926376,,1.7844889206576127
Double Top,2,0.02,,6105,-0.0007536109121613043,0.56003276003276,0.5475471241685531,-0.0012794804939155718,0.5181162981162981,0.0005258695817542674,-0.0001509458084048739,0.0012112486274514491,0.026,0.9253141010731935,0.4140868140868141,,1.7298935298935298
Falling Wedge,2,0.02,,3182,0.0019744933757200995,0.5864236329352609,0.5692178639697469,-8.103855808018823e-05,0.5471087366436204,0.002055531933800287,0.0013006813445435642,0.002764313837957994,0.0,1.2795468399565404,0.36863607793840353,,1.8029541169076053
Head and Shoulders,2,0.02,,1780,-0.00044922464352521713,0.5595505617977528,0.5363839142860607,-0.001298943657442043,0.5225842696629214,0.0008497190139168255,-0.00031370239041663095,0.002085928943633542,0.054,0.9549779888931207,0.42247191011235957,,1.7258426966292135
Inverse Head and Shoulders,2,0.02,,1727,0.00021784804745847398,0.5605095541401274,0.5369922225039633,-0.00021178849517888742,0.5515344528083381,0.00042963654263736116,-0.00054476200341774,0.0015533103513474236,0.222,1.0263095413451537,0.349160393746381,,1.8204979733642155
Inverted Cup and Handle,2,0.02,,564,0.0013496146322990487,0.6046099290780141,0.5636805333750334,-0.0006563883204001224,0.5267730496453901,0.00200600295269917,-7.807484328861226e-05,0.003868025947290555,0.012,1.1497535928542657,0.4769503546099291,,1.6826241134751774
Rectangle,2,0.02,,1334,0.00041817801263880033,0.5599700149925038,0.5331975232000558,3.8152245865225053e-05,0.5444527736131934,0.00038002576677357506,-0.0007035005976419852,0.001487575120321307,0.248,1.0532015905249337,0.3320839580209895,,1.8118440779610194
Rising Wedge,2,0.02,,5609,9.147180395075427e-05,0.5412729541807809,0.5282085051156495,-0.001388817333030815,0.5003030843287574,0.0014802891369815692,0.0008690653591217167,0.002009374681458977,0.0,1.011568363231628,0.32768764485648066,,1.8193973970404707
Symmetrical Triangle,2,0.02,,3677,0.0006049381616427893,0.5675822681533859,0.5515068373557855,-0.00016195285031731126,0.5428610280119662,0.0007668910119601001,8.3200545866112e-05,0.0015167840916489612,0.01,1.0788061466210663,0.33532771280935547,,1.8243132988849606
Triple Bottom,2,0.02,,143,-0.0026131988861252445,0.5594405594405595,0.47757133478487557,0.00014616310635863725,0.5496503496503496,-0.002759361992483882,-0.00830268925933816,0.001868368062897938,0.958,0.738367980839904,0.27972027972027974,,1.867132867132867
Triple Top,2,0.02,,214,-0.000856074192395752,0.5186915887850467,0.45200945674864784,-0.001063704652784224,0.5065420560747663,0.0002076304603884711,-0.0028702220128280728,0.0029625513437072323,0.464,0.9109771825590844,0.38317757009345793,,1.7570093457943925
Ascending Triangle,2,0.02,0.02,3163,-0.00019327598101706543,0.51280429971546,0.49537989545190253,-0.00018222953284799528,0.505121719886184,-1.1046448169070034e-05,-0.0006236007120835851,0.0006080007843055001,0.524,0.9733542880445996,0.26651912741068606,0.2715776161871641,1.7192538729054694
Bear Flag,2,0.02,0.02,4740,-0.0023480889152658734,0.4529535864978903,0.4388261986524085,-0.0013631736670831342,0.4679324894514768,-0.0009849152481827387,-0.0015731522228621517,-0.00042314470790764366,1.0,0.7680580369688073,0.35675105485232067,0.43966244725738396,1.461181434599156
Bull Flag,2,0.02,0.02,7705,-0.0009551603729718949,0.48410123296560675,0.4729530671908156,-0.0004906783904565401,0.4953926022063595,-0.0004644819825153547,-0.000880152840942232,-6.0003640058188465e-05,0.99,0.8859233951414149,0.3046073977936405,0.34237508111615833,1.6128487994808567
Cup and Handle,2,0.02,0.02,1223,0.00013159326929903533,0.5216680294358136,0.49364740610999974,-7.750680140354396e-05,0.5113654946852003,0.0002091000707025793,-0.0008394046310150606,0.001202644045679659,0.342,1.0182560592700483,0.2804578904333606,0.2739165985282093,1.7080948487326246
Descending Triangle,2,0.02,0.02,1644,-0.0010650563272250858,0.4744525547445255,0.45040184603743294,-0.0011334448774641206,0.4732360097323601,6.838855023903498e-05,-0.000849281498386509,0.0009420990780858042,0.394,0.8777686257679987,0.3284671532846715,0.35036496350364965,1.5888077858880778
Double Bottom,2,0.02,0.02,5596,-0.0003122956918586715,0.5007147962830594,0.48761833322244835,-0.0007550778598119911,0.49006433166547536,0.00044278216795331956,-2.210297726833597e-05,0.0009306109482132236,0.028,0.961430901084395,0.32558970693352396,0.3264832022873481,1.5891708363116512
Double Top,2,0.02,0.02,6106,-0.0018712775584339963,0.4616770389780544,0.44920048774062793,-0.0015159471253667102,0.46182443498198494,-0.000355330433067286,-0.0008496839957008717,9.15049971177565e-05,0.942,0.8036692065659604,0.34130363576809697,0.4046839174582378,1.5022928267278086
Falling Wedge,2,0.02,0.02,3182,0.0009578931090834516,0.5339409176618479,0.5165774221547372,-0.0006097332282085118,0.4941546197360151,0.0015676263372919634,0.0009464803463534232,0.002133774553000823,0.0,1.1326057371917253,0.3331238214959145,0.27906976744186046,1.654619736015085
Head and Shoulders,2,0.02,0.02,1780,-0.000994392946825629,0.4730337078651685,0.44992227630421483,-0.001595489366376012,0.4617415730337079,0.0006010964195503834,-0.0002520641848772756,0.0014779793627198207,0.06,0.889363798440374,0.3539325842696629,0.37640449438202245,1.5286516853932584
Inverse Head and Shoulders,2,0.02,0.02,1728,-5.953489084251701e-05,0.5098379629629629,0.4862717148607686,-0.000660508961145169,0.4945601851851852,0.0006009740703026518,-0.0002452148951524599,0.0013876813024601762,0.082,0.9922817580237552,0.3130787037037037,0.30671296296296297,1.6672453703703705
Inverted Cup and Handle,2,0.02,0.02,564,-0.00024284355678202906,0.5088652482269503,0.4676860721916997,-0.0009989999805424747,0.4774822695035461,0.0007561564237604455,-0.0008762731313400802,0.0025180667202837075,0.134,0.9729838947586317,0.40602836879432624,0.375886524822695,1.4769503546099292
Rectangle,2,0.02,0.02,1335,-0.0010702070142822582,0.48239700374531835,0.4556809295800862,-0.0008593144066878065,0.48756554307116107,-0.00021089260759445163,-0.0012138790732708637,0.0007807798418441276,0.684,0.8704416949898657,0.2876404494382023,0.3333333333333333,1.6307116104868913
Rising Wedge,2,0.02,0.02,5610,-0.0002886887377851717,0.49679144385026736,0.48371426236111764,-0.0016147937897733348,0.45493761140819966,0.0013261050519881633,0.0008808958570412594,0.001801927131993133,0.0,0.9621316916595748,0.2994652406417112,0.27736185383244205,1.6887700534759358
Symmetrical Triangle,2,0.02,0.02,3677,0.00021034793002221532,0.5191732390535763,0.5030121218444937,-0.0005555147185418821,0.49401686157193364,0.0007658626485640976,0.00018080703087955743,0.001365992904691258,0.002,1.0285116168046275,0.30704378569485996,0.28147946695675824,1.6809899374490074
Triple Bottom,2,0.02,0.02,143,-0.0006499327764933257,0.5034965034965035,0.4225343337316655,-0.00041405182397682614,0.5111888111888112,-0.00023588095251649992,-0.003052508157618292,0.002804249417771768,0.568,0.9135344677854622,0.26573426573426573,0.2867132867132867,1.7062937062937062
Triple Top,2,0.02,0.02,214,-0.0025659420759620217,0.42990654205607476,0.3653885842590709,-0.0011499075981336504,0.46869158878504674,-0.0014160344778283715,-0.0035255086925019665,0.0009683221028527554,0.91,0.7375292105214823,0.3177570093457944,0.40186915887850466,1.5186915887850467
Ascending Triangle,2,,,3162,0.00022302236582760914,0.5249841872232764,0.5075582752092576,0.0006760474113090115,0.5176470588235295,-0.0004530250454814024,-0.0013161098031153164,0.0003757165739279878,0.84,1.0277361209410723,,,2.0
Bear Flag,2,,,4739,-0.001771880449330253,0.46739818527115423,0.45322478823472423,-0.0006743699057780799,0.4841738763452205,-0.001097510543552173,-0.002124952225283628,3.7697901251998014e-05,0.982,0.8712899582721468,,,2.0
Bull Flag,2,,,7703,-0.00024487482444727403,0.4952615863949111,0.4841012711357059,0.0009128021018824019,0.5157990393353239,-0.001157676926329676,-0.0018590665265840098,-0.0004007166861723967,1.0,0.9762779670725721,,,2.0
Cup and Handle,2,,,1223,-0.00021876096934958197,0.5216680294358136,0.49364740610999974,0.0006395754765808823,0.5185609157808667,-0.0008583364459304643,-0.002450241161994708,0.0007678256713329589,0.888,0.9745474544914853,,,2.0
Descending Triangle,2,,,1641,-0.0008721752521402681,0.47775746496039,0.4536695450142022,-0.0010788910357523492,0.4744058500914077,0.00020671578361208145,-0.0012534319625681464,0.001722197063951236,0.358,0.917113273905689,,,2.0
Double Bottom,2,,,5595,0.00017823786132382995,0.5029490616621984,0.4898501103001374,-0.00012190312224969888,0.5023413762287757,0.0003001409835735289,-0.0004478018394502106,0.0010435968550054097,0.2,1.0186348709682889,,,2.0
Double Top,2,,,6104,-0.0015633513453156822,0.47182175622542594,0.45931983874338084,-0.0016471681308492803,0.4639580602883355,8.381678553359802e-05,-0.0007407396499662805,0.0009451612368129571,0.41,0.8714778670604921,,,2.0
Falling Wedge,2,,,3182,0.002592408119985098,0.538340666247643,0.5209829243686421,0.0001071453957875988,0.5030483972344437,0.0024852627241974986,0.0014825474532424165,0.0033986268128772053,0.0,1.3292068461258897,,,2.0
Head and Shoulders,2,,,1780,-0.0009059153397631494,0.4730337078651685,0.44992227630421483,-0.0015394245064036622,0.46837078651685393,0.0006335091666405131,-0.0009646147295332394,0.0022745718862774546,0.154,0.9255315708335335,,,2.0
Inverse Head and Shoulders,2,,,1727,-0.00023555750387909707,0.5060799073537927,0.48251237483454046,8.025259729172867e-07,0.5046902142443543,-0.00023636002985201427,-0.0015496110886656022,0.0011032789984434356,0.668,0.9745722329539318,,,2.0
Inverted Cup and Handle,2,,,564,0.0011095635728832264,0.5124113475177305,0.47121434638277093,-0.00045389090660694255,0.4829787234042553,0.001563454479490168,-0.0012608824013090351,0.003964000810812641,0.05,1.1033743140688168,,,2.0
Rectangle,2,,,1334,-1.820555931203241e-06,0.5134932533733133,0.4866710906657906,3.526886273115066e-05,0.49775112443778113,-3.7089418662353846e-05,-0.0015333075578611891,0.0013743066180757987,0.466,0.9997997380325797,,,2.0
Rising Wedge,2,,,5608,3.36171311184146e-06,0.49393723252496435,0.4808603671259978,-0.0018138958427452233,0.4540299572039943,0.001817257555857065,0.0011790764031711681,0.0025523872002709124,0.0,1.0003804026867804,,,2.0
Symmetrical Triangle,2,,,3677,0.0008270155701612144,0.5235246124558064,0.5073649553509554,-0.0002100040107376368,0.4998640195811803,0.0010370195808988513,0.0002595363209869639,0.0018353444249705267,0.0,1.0995264432702876,,,2.0
Triple Bottom,2,,,143,-0.00146522806746267,0.5314685314685315,0.4499287767224968,0.0004172511225375782,0.5209790209790209,-0.0018824791900002484,-0.00934744412946009,0.005424996551156924,0.872,0.8614104903015568,,,2.0
Triple Top,2,,,214,-0.0021941557565134406,0.4485981308411215,0.38345207153762684,-0.0010529476117943366,0.47102803738317756,-0.0011412081447191042,-0.004237147545733031,0.0022264644149107837,0.744,0.7919942155606959,,,2.0
Ascending Triangle,2,,0.02,3162,0.00014119681719207796,0.4905123339658444,0.4731096527754856,0.00022137159140041976,0.4743200506008855,-8.017477420834165e-05,-0.0008020396989497936,0.0007086884999498147,0.586,1.0186917724312552,,0.2811511701454775,1.8507273877292854
Bear Flag,2,,0.02,4739,-0.00160436554607087,0.37982696771470775,0.36611102320646155,-0.00042667056310108175,0.4108883730744883,-0.001177694982969788,-0.002006718448208674,-0.00032400080845052464,1.0,0.8587823598470105,,0.48322430892593377,1.7022578603080818
Bull Flag,2,,0.02,7703,-0.00031863760607416127,0.44151629235362844,0.43045885474695483,0.0004791139154977965,0.4490198623912761,-0.0007977515215719574,-0.001395213703357677,-0.00022873238386074838,0.998,0.9646927974889681,,0.3644034791639621,1.7891730494612488
Cup and Handle,2,,0.02,1223,0.0001710634908977756,0.4897792313982011,0.46183808667194265,0.0003980109347920403,0.47506132461161077,-0.00022694744389426463,-0.0015654702637583266,0.0012396799131096986,0.61,1.0221530997674373,,0.2878168438266558,1.8552739165985281
Descending Triangle,2,,0.02,1643,-0.0008399402044083514,0.4217894096165551,0.39811936231895084,-0.0009992864212533688,0.4286062081558125,0.0001593462168450175,-0.0009631556833850485,0.0013728513480281781,0.354,0.9118069061239112,,0.3767498478393183,1.7875836883749239
Double Bottom,2,,0.02,5595,6.417094680867906e-05,0.45290437890974083,0.43989772595959276,-0.000359242468560206,0.45136729222520106,0.0004234134153688852,-0.00015866888511945857,0.001101363636019407,0.084,1.0073581743406497,,0.34709562109025915,1.7898123324396782
Double Top,2,,0.02,6105,-0.001436116323639225,0.39836199836199837,0.3861490033703505,-0.0013768645169550792,0.41873873873873874,-5.9251806684145764e-05,-0.000682937739274446,0.0005562152989210116,0.578,0.8634137896711485,,0.4376740376740377,1.733005733005733
Falling Wedge,2,,0.02,3182,0.0018791862892901553,0.4927718416090509,0.47541980067956957,-0.00019125299781969307,0.45832809553739784,0.002070439287109849,0.0012210720870260475,0.0028362027013971256,0.0,1.2435160436857708,,0.2957259585166562,1.836580766813325
Head and Shoulders,2,,0.02,1780,-0.0002564599406470822,0.41235955056179774,0.3897035279923252,-0.0013290494352153665,0.418876404494382,0.0010725894945682844,-0.00021376746299954977,0.002345872865630444,0.016,0.9742153827614913,,0.4067415730337079,1.760112359550562
Inverse Head and Shoulders,2,,0.02,1728,0.00011502619681494423,0.4693287037037037,0.4458920148615989,-0.0002465075107889118,0.4572337962962963,0.0003615337076038563,-0.0005752029858203642,0.0013909662472646666,0.272,1.0139749207429318,,0.3246527777777778,1.8287037037037037
Inverted Cup and Handle,2,,0.02,564,0.0002270261702192246,0.4379432624113475,0.3975532939054514,-0.00042195640031592973,0.4421985815602837,0.000648982570535155,-0.0015949458608127427,0.002690166702845998,0.206,1.0224206563590585,,0.41843971631205673,1.7588652482269505
Rectangle,2,,0.02,1335,-0.0007468410984721536,0.44644194756554306,0.4199661379285865,-0.0005581594888164838,0.4496629213483146,-0.00018868160965566913,-0.0015153050370191445,0.0011008255683790072,0.638,0.9163286333543794,,0.35655430711610486,1.797752808988764
Rising Wedge,2,,0.02,5609,0.0001459711897517689,0.4590836156177572,0.4460746506698008,-0.0015849302487190157,0.4179354608664646,0.001730901438470785,0.0011292913354757586,0.002328834929708054,0.0,1.0180041514503677,,0.2925655197004814,1.855410946692815
Symmetrical Triangle,2,,0.02,3677,0.000723666204698918,0.48409029099809625,0.46796209168378744,-0.00025500845705870353,0.45953222735926025,0.000978674661757622,0.0002640313377146831,0.0015931590206599666,0.0,1.0931674366626305,,0.29344574381289096,1.8463421267337503
Triple Bottom,2,,0.02,143,0.0005599426003575946,0.46853146853146854,0.3886382432496935,5.7602929793534255e-05,0.4888111888111888,0.0005023396705640602,-0.004272339988128828,0.006696896809498848,0.37,1.0696650339235998,,0.3076923076923077,1.8391608391608392
Triple Top,2,,0.02,214,-0.0032060880796069865,0.3691588785046729,0.30734031537572626,-0.0009026825405539134,0.4369158878504673,-0.002303405539053073,-0.004792998960433984,0.0006935636246348645,0.962,0.6968705185354466,,0.43457943925233644,1.733644859813084
Ascending Triangle,3,0.01,,3163,0.00018262105850926937,0.7110338286436927,0.6949883209483123,0.0004613301966109182,0.7167246285172305,-0.00027870913810164896,-0.0009384770367287735,0.0003551739598468069,0.822,1.0278476239930177,0.6708820739803983,,1.9886184002529244
Bear Flag,3,0.01,,4742,-0.001993648862519899,0.7444116406579502,0.7318020840131843,-0.000753244122588918,0.7412905946857866,-0.0012404047399309814,-0.0019917178831467238,-0.0004963960073504637,1.0,0.7837110860944827,0.7307043441585829,,1.7418810628426824
Bull Flag,3,0.01,,7703,-0.0007837747827510954,0.7243930935998961,0.7143047608962321,0.00031715222803496246,0.7493444112683371,-0.0011009270107860578,-0.0016138320507428426,-0.0005963152278895729,1.0,0.9000767214116527,0.6938854991561729,,1.8935479683240295
Cup and Handle,3,0.01,,1224,0.00046548020738393825,0.7173202614379085,0.6914434304952317,0.0003745417537324945,0.7187908496732026,9.093845365144359e-05,-0.001029547486589957,0.001108745083887022,0.442,1.0717932527712832,0.6764705882352942,,1.9763071895424837
Descending Triangle,3,0.01,,1641,-0.0002788989358154582,0.7251675807434491,0.7030604625870789,-0.0007703565011906215,0.7015843997562462,0.0004914575653751634,-0.00048711660519209967,0.0014888580112520586,0.16,0.9626832281378221,0.7026203534430225,,1.853747714808044
Double Bottom,3,0.01,,5597,0.00017000260699560332,0.7341432910487762,0.7224113040572134,4.641767574866106e-05,0.723030194747186,0.00012358493124694212,-0.00047891264099287815,0.0006856021552392857,0.294,1.0241800586681014,0.7089512238699304,,1.854922279792746
Double Top,3,0.01,,6104,-0.0006404496667832493,0.7436107470511141,0.7325059286366407,-0.0012459385710868465,0.6923656618610747,0.0006054889043035968,4.102017227830117e-05,0.0012305607595449687,0.002,0.919231287567033,0.7301769331585846,,1.7685124508519003
Falling Wedge,3,0.01,,3183,0.002042827304049165,0.7712849513038015,0.7563718080476491,-4.921233943188643e-05,0.7153942821237826,0.0020920396434810514,0.0014098395775168787,0.002754168754816053,0.0,1.378142078546284,0.7373546968268929,,1.8567389255419415
Head and Shoulders,3,0.01,,1782,-0.0006421864590429539,0.7373737373737373,0.716446514297966,-0.0010916697582722182,0.6989337822671156,0.00044948329922926466,-0.0006606408630266664,0.0014888801451123758,0.192,0.9180322000813295,0.7199775533108866,,1.7704826038159371
Inverse Head and Shoulders,3,0.01,,1727,0.0005694534626088697,0.7295888824551245,0.7081474651260418,-0.00020208198175010873,0.7193398957730168,0.0007715354443589784,-0.00014566463747847273,0.001636507818558975,0.068,1.0874988168574153,0.698320787492762,,1.905037637521714
Inverted Cup and Handle,3,0.01,,564,0.0010633770484677102,0.7659574468085106,0.7292866375604571,-0.000674491613437846,0.7051418439716312,0.0017378686619055562,0.0002010338517907257,0.0033164541618932166,0.016,1.1619674740770725,0.7570921985815603,,1.6897163120567376
Rectangle,3,0.01,,1335,0.0010652169167801294,0.7355805243445693,0.711270900588224,0.0002176737547485023,0.7161048689138577,0.0008475431620316271,-0.00011017678850801292,0.00180571157744855,0.042,1.1789589644881766,0.704119850187266,,1.8898876404494382
Rising Wedge,3,0.01,,5609,-0.00022100100690519207,0.7013727937243716,0.6892611516513395,-0.0013260793163359414,0.6664289534676413,0.001105078309430749,0.0005539569131643943,0.0016150889333346606,0.0,0.9683478992106933,0.6728472098413264,,1.9509716527010161
Symmetrical Triangle,3,0.01,,3677,0.0003910541812175452,0.7217840630949144,0.7070737897677224,-0.0001146386488566912,0.7052488441664401,0.0005056928300742365,-0.00010712386081041009,0.0011524831386134256,0.044,1.0597425775085414,0.6880609192276312,,1.9437041066086485
Triple Bottom,3,0.01,,143,-0.0005270503387609998,0.6993006993006993,0.6197334043040456,0.0007015385827317757,0.7104895104895105,-0.0012285889214927758,-0.006806938110203927,0.003680834772526108,0.816,0.9351712517062959,0.6713286713286714,,1.972027972027972
Triple Top,3,0.01,,214,-0.0013490310951231148,0.6869158878504673,0.6219474976906402,-0.0009815025069084473,0.6817757009345794,-0.00036752858821466756,-0.0031279817699047152,0.0023343063727199304,0.616,0.8306916810022676,0.6728971962616822,,1.8644859813084111
Ascending Triangle,3,0.01,0.02,3163,-0.0005568278224108449,0.630730319317104,0.6137621912445154,-0.0007959528083680514,0.6235219728106228,0.00023912498595720646,-0.0002607085169650187,0.0007298215654948735,0.15,0.9151829748613797,0.6010116977552956,0.279481504900411,1.6775213404995257
Bear Flag,3,0.01,0.02,4742,-0.0033951915642647067,0.5630535638970898,0.5488904370232829,-0.002365015585110276,0.5860185575706452,-0.0010301759791544309,-0.0014478813186301874,-0.0006043038576564515,1.0,0.6139350582334084,0.5544074230282581,0.40742302825811894,1.3241248418388865
Bull Flag,3,0.01,0.02,7705,-0.0016247601636550305,0.6064892926670993,0.595530451015308,-0.0015510812222867584,0.6111875405580792,-7.36789413682721e-05,-0.0004313477168328313,0.00024703424093817965,0.718,0.7815964472510608,0.5832576249188839,0.33406878650227123,1.52615184944841
Cup and Handle,3,0.01,0.02,1224,-0.00036802687005441944,0.6397058823529411,0.6124115508431779,-0.0008503042115386806,0.6254084967320261,0.0004822773414842611,-0.00039568161332541557,0.0012905474814365683,0.108,0.9443020607663052,0.6062091503267973,0.28594771241830064,1.6805555555555556
Descending Triangle,3,0.01,0.02,1643,-0.0019646212650010356,0.6001217285453438,0.576227075834761,-0.0018161477101081487,0.5960438222763238,-0.00014847355489288692,-0.0010009130456323735,0.0007041684334418031,0.63,0.748149741351965,0.5830797321972002,0.3524041387705417,1.488740109555691
Double Bottom,3,0.01,0.02,5597,-0.0012007705899952548,0.6217616580310881,0.6089772694885243,-0.001442020904217664,0.6092370912989101,0.00024125031422240906,-0.0001577855198594371,0.0006625120805202501,0.11,0.8335661197049723,0.6010362694300518,0.3199928533142755,1.4940146507057352
Double Top,3,0.01,0.02,6107,-0.002663368117664165,0.583756345177665,0.5713442422102126,-0.002026482173618301,0.5885704928770263,-0.0006368859440458638,-0.0010395854846249638,-0.0002033860550205742,1.0,0.6782648751208357,0.5754052726379565,0.3805469133780907,1.3730145734403143
Falling Wedge,3,0.01,0.02,3183,0.00022466505877302915,0.667923342758404,0.6513681384357176,-0.001228423257628777,0.6157398680490104,0.0014530883164018057,0.0009672481188940899,0.0019712465796865954,0.0,1.0360683924900596,0.6418473138548539,0.274583726044612,1.564875903235941
Head and Shoulders,3,0.01,0.02,1782,-0.002078565184729418,0.5942760942760943,0.5712981426870961,-0.0021451944538284466,0.5869248035914703,6.662926909902869e-05,-0.0006386909018206923,0.0007946134845322622,0.436,0.7351646695244964,0.5824915824915825,0.3602693602693603,1.4079685746352413
Inverse Head and Shoulders,3,0.01,0.02,1728,-0.0005481319670524158,0.6371527777777778,0.6142008033241658,-0.0013016924755994664,0.616087962962963,0.0007535605085470505,6.882413808407564e-05,0.0013979789684378115,0.024,0.9176289240684584,0.6134259259259259,0.2962962962962963,1.5758101851851851
Inverted Cup and Handle,3,0.01,0.02,564,-0.0016104775367090038,0.6205673758865248,0.5798312995679548,-0.0015409343786880211,0.6081560283687943,-6.95431580209821e-05,-0.0013270325607608372,0.0012513513358741262,0.514,0.7891997053708929,0.6170212765957447,0.35638297872340424,1.322695035460993
Rectangle,3,0.01,0.02,1336,-0.0015524508847066854,0.6047904191616766,0.5783096931852391,-0.0012682279502423599,0.6127245508982035,-0.0002842229344643257,-0.001015377480190471,0.000470770620880497,0.742,0.787328776717189,0.5830838323353293,0.3315868263473054,1.5494011976047903
Rising Wedge,3,0.01,0.02,5610,-0.0010696058657727872,0.6167557932263814,0.6039575986651051,-0.0019374864026725823,0.5811586452762924,0.0008678805368997951,0.0004503001683892184,0.0012709975924850242,0.0,0.8475547255128332,0.5946524064171123,0.2910873440285205,1.6568627450980393
Symmetrical Triangle,3,0.01,0.02,3677,-0.0004783614670574525,0.6380201251019854,0.6223500405903617,-0.0011199402093083918,0.6145227087299429,0.0006415787422509395,0.0001695237091455184,0.0011533857488826176,0.004,0.9270202148053128,0.610552080500408,0.28093554528147946,1.6323089475115584
Triple Bottom,3,0.01,0.02,143,-0.0010734820143122725,0.6223776223776224,0.540697832016568,-0.0008335520900306248,0.6265734265734266,-0.0002399299242816479,-0.0028207811825907633,0.002160124252761111,0.6,0.8419371831030839,0.5944055944055944,0.3006993006993007,1.6573426573426573
Triple Top,3,0.01,0.02,214,-0.004281733486050469,0.5280373831775701,0.4612474752365475,-0.0011456594192762381,0.6130841121495327,-0.0031360740667742307,-0.00510913129412652,-0.0009964468079841733,1.0,0.5406139937641864,0.5186915887850467,0.42990654205607476,1.4439252336448598
Ascending Triangle,3,0.02,,3163,0.00019123787393607073,0.576983876067025,0.5596833134408733,0.0009827184950534796,0.5919696490673412,-0.0007914806211174094,-0.0017116821031508231,-3.702222701021276e-07,0.982,1.0212557479885453,0.3895036357888081,,2.569396142902308
Bear Flag,3,0.02,,4738,-0.00297197750672706,0.5913887716336007,0.5773227163425095,-0.0010562331543797084,0.597593921485859,-0.0019157443523473512,-0.002947597162469966,-0.0009326035925661685,1.0,0.7872973164956313,0.5238497256226256,,2.2598142676234696
Bull Flag,3,0.02,,7702,-0.0010622919849529913,0.5859517008569203,0.5749110532162782,0.0009025517247468734,0.6168267982342249,-0.0019648437096998644,-0.0025910754676407295,-0.00127858342801304,1.0,0.9046762240760701,0.4430018177096858,,2.4546870942612307
Cup and Handle,3,0.02,,1223,0.0005202297533270537,0.5862632869991823,0.5584324194424449,0.0010584265421922753,0.5937040065412919,-0.0005381967888652219,-0.0019789089556480014,0.0008175249658780549,0.796,1.0571517582962995,0.4170073589533933,,2.538838920686836
Descending Triangle,3,0.02,,1640,-0.00042086581158493194,0.573170731707317,0.5490882633933561,-0.0007797822548777027,0.5614634146341464,0.00035891644329277063,-0.000914433034969187,0.0015868726310107589,0.292,0.9609561914337257,0.46402439024390246,,2.395121951219512
Double Bottom,3,0.02,,5596,0.0003925331929556825,0.5959614010007148,0.5830428690005879,0.00033438652977147863,0.589421015010722,5.8146663184203614e-05,-0.0007230926499190395,0.0008584988572845771,0.418,1.0391572978209145,0.45854181558255896,,2.4185132237312366
Double Top,3,0.02,,6094,-0.0014292729340455556,0.5818838201509682,0.569451727751556,-0.0017391260647941908,0.5446832950443059,0.0003098531307486349,-0.00046509508565026716,0.001088887224160876,0.206,0.881058114573011,0.4891696750902527,,2.314571709878569
Falling Wedge,3,0.02,,3182,0.002916717604744428,0.6398491514770585,0.6230100702568219,8.713457044957379e-05,0.5809868007542426,0.0028295830342948526,0.001972153418122645,0.0036701388791050417,0.0,1.3601444790462074,0.48617221873035826,,2.434318038969202
Head and Shoulders,3,0.02,,1775,-0.0010778741878728188,0.592112676056338,0.5690747958159841,-0.0016965196213767323,0.5511549295774648,0.0006186454335039131,-0.0008762414207197227,0.002039330787292841,0.164,0.9094007100374069,0.49802816901408453,,2.3014084507042254
Inverse Head and Shoulders,3,0.02,,1727,0.001057978910821647,0.6074116965836711,0.5841662442317445,5.095505018167146e-06,0.5848291835552982,0.0010528834058034795,-7.219887112849227e-05,0.0022358060266521452,0.038,1.1161975401758593,0.445859872611465,,2.4713375796178343
Inverted Cup and Handle,3,0.02,,564,0.001608972259110617,0.6081560283687943,0.5672657148940169,-0.0010145072013605933,0.5620567375886525,0.00262347946047121,0.00044533707259928755,0.004839658837952287,0.008,1.1615075921937648,0.5460992907801419,,2.2056737588652484
Rectangle,3,0.02,,1334,0.0013160565523876637,0.5937031484257871,0.5671142662520819,0.0002227553918290678,0.5775862068965517,0.0010933011605585958,-7.97097497661116e-05,0.002411644484680354,0.042,1.1503802041318174,0.44002998500749624,,2.47976011994003
Rising Wedge,3,0.02,,5607,-0.0005718688270965038,0.5600142678794364,0.5469845554879819,-0.001957472036256912,0.522454075263064,0.0013856032091604078,0.0007115544635920807,0.002064471766787042,0.0,0.9422456940863613,0.4123417157125022,,2.4915284465846264
Symmetrical Triangle,3,0.02,,3675,0.0005817827511189344,0.5929251700680273,0.5769519649313797,1.072035503391131e-05,0.5712380952380952,0.0005710623960850229,-0.0002995928718873627,0.0015124267031988606,0.078,1.0627165304265713,0.4383673469387755,,2.488707482993197
Triple Bottom,3,0.02,,143,-0.0025140632864447464,0.5174825174825175,0.43620068315654525,0.0006926258564498246,0.5769230769230769,-0.0032066891428945716,-0.009136345577305657,0.0023753513109513818,0.972,0.7845104919281508,0.36363636363636365,,2.5874125874125875
Triple Top,3,0.02,,214,-5.1295725805654425e-05,0.5514018691588785,0.4844428832099612,-0.0012205893585080824,0.5341121495327102,0.0011692936327024274,-0.002274203319180744,0.0045281030686440335,0.256,0.9950282325990081,0.4672897196261682,,2.3738317757009346
Ascending Triangle,3,0.02,0.02,3163,-0.00012872273189210332,0.5099588997786911,0.4925356934297891,3.44479622201463e-05,0.5113815997470755,-0.00016317069411224955,-0.0009313213954670219,0.0004911354483938849,0.686,0.9845854037224984,0.3496680366740436,0.34113183686373694,2.1811571293076195
Bear Flag,3,0.02,0.02,4740,-0.002714934259318449,0.44451476793248945,0.4304189475195131,-0.0014510193880044949,0.4695147679324895,-0.0012639148713139538,-0.0018954531944590006,-0.0007239577797811454,1.0,0.7527244377238965,0.39957805907172994,0.4947257383966245,1.6647679324894515
Bull Flag,3,0.02,0.02,7704,-0.001007157999191925,0.4902647975077882,0.4791093104421895,-0.00036040851486107386,0.4998831775700935,-0.0006467494843308513,-0.0011041683104777364,-0.00022558312505165914,1.0,0.8926610719102427,0.37123572170301145,0.4113447559709242,1.9657320872274144
Cup and Handle,3,0.02,0.02,1223,0.0001694303070210425,0.5216680294358136,0.49364740610999974,0.00017449146099066915,0.513164349959117,-5.061153969626582e-06,-0.001123326261049223,0.0009757457249788076,0.524,1.0200076232259783,0.3744889615699101,0.3499591169255928,2.1537203597710546
Descending Triangle,3,0.02,0.02,1642,-0.0011911204295157894,0.47442143727161995,0.45035630550884737,-0.001243315486965269,0.47320341047503045,5.219505744947968e-05,-0.000990629170858038,0.0010182551719596447,0.452,0.8766968641069071,0.3873325213154689,0.4159561510353228,1.9086479902557856
Double Bottom,3,0.02,0.02,5596,-0.0002752783259727336,0.5050035739814153,0.49190481066517516,-0.0005977140925008531,0.49442458899213726,0.0003224357665281195,-0.0001831999969396106,0.0008804861020546951,0.092,0.9697390023152807,0.3951036454610436,0.38867047891350964,1.937097927090779
Double Top,3,0.02,0.02,6101,-0.002046195871623367,0.4579577118505163,0.44548592042926566,-0.0017620227276324296,0.4592853630552369,-0.00028417314399093753,-0.0007910483296717163,0.00021365210695819387,0.872,0.8018461627683924,0.388460908047861,0.4595967874118997,1.7552860186854613
Falling Wedge,3,0.02,0.02,3182,0.001539422602892859,0.5502828409805154,0.5329475535947927,-0.0005798930865563275,0.4970458830923947,0.0021193156894491866,0.0014598299811267661,0.002775736209544432,0.0,1.1915122066503259,0.4236329352608422,0.3403519798868636,2.0424261470773097
Head and Shoulders,3,0.02,0.02,1775,-0.0009858602983617139,0.47661971830985916,0.4534597829443683,-0.00184988281802766,0.4596056338028169,0.0008640225196659459,-9.433943668327088e-05,0.001857931328169721,0.034,0.8990699821446326,0.4084507042253521,0.4343661971830986,1.7949295774647887
Inverse Head and Shoulders,3,0.02,0.02,1728,0.0002361340583337738,0.5237268518518519,0.5001517169452486,-0.0005891821314465758,0.498900462962963,0.0008253161897803494,-5.736421150689838e-05,0.0017512088056251777,0.054,1.0276979406429894,0.3894675925925926,0.36747685185185186,2.0474537037037037
Inverted Cup and Handle,3,0.02,0.02,564,-0.0007163666123552119,0.49113475177304966,0.4500755272791749,-0.0012151564042325355,0.47890070921985817,0.0004987897918773236,-0.0013307228359360568,0.002288600855576214,0.252,0.928967270293782,0.4450354609929078,0.44680851063829785,1.6950354609929077
Rectangle,3,0.02,0.02,1335,-0.0007142355009264204,0.4861423220973783,0.45940920454831063,-0.0008243047673911377,0.4886142322097378,0.00011006926646471732,-0.0009062380016083288,0.0011878482392942758,0.424,0.9208982498791951,0.36704119850187267,0.39176029962546816,2.0097378277153557
Rising Wedge,3,0.02,0.02,5609,-0.00047416327519362705,0.4950971652701016,0.4820203380144865,-0.0019043119551466843,0.4520057051167766,0.0014301486799530572,0.0008500084244710651,0.0019339199839671752,0.0,0.9460066716456663,0.36851488678908895,0.3510429666607238,2.111784631841683
Symmetrical Triangle,3,0.02,0.02,3675,0.0003436718418968619,0.5219047619047619,0.5057400196589701,-0.0005138863937945973,0.4951292517006803,0.0008575582356914591,0.000156701996825537,0.0015105188761106625,0.0,1.0412544052562036,0.38829931972789117,0.342312925170068,2.0919727891156463
Triple Bottom,3,0.02,0.02,143,-0.0015564878965925934,0.46853146853146854,0.3886382432496935,-0.0005842816198143479,0.5020979020979021,-0.0009722062767782454,-0.004131380960197839,0.002198542498105418,0.758,0.8268174079686081,0.3356643356643357,0.3776223776223776,2.1538461538461537
Triple Top,3,0.02,0.02,214,-0.002299514737800818,0.4439252336448598,0.3789274734867469,-0.0013286310045351238,0.4742990654205608,-0.0009708837332656948,-0.0033318965687306316,0.0016602386886409156,0.812,0.7775929326117859,0.37850467289719625,0.4672897196261682,1.7990654205607477
Ascending Triangle,3,,,3162,0.0002690812461621114,0.5211891208096142,0.5037617106888224,0.0015648692660820277,0.5289057558507274,-0.0012957880199199166,-0.0022786306343783322,-0.00021754390547651216,0.992,1.0262463897028642,,,3.0
Bear Flag,3,,,4737,-0.003553794232174045,0.4504960945746253,0.4363730213197599,-0.0011185420333992245,0.4807473084230526,-0.0024352521987748206,-0.0037002488194954257,-0.0010402781050384761,1.0,0.8090114212774724,,,3.0
Bull Flag,3,,,7696,-0.000428133862433956,0.4990904365904366,0.48792265749205715,0.0020031713175178638,0.5238825363825363,-0.002431305179951819,-0.0033090045764419596,-0.0015462888224296982,1.0,0.9678307145771932,,,3.0
Cup and Handle,3,,,1223,3.623824741126261e-05,0.5143090760425184,0.4862967171227821,0.0016400017630384088,0.5249386753883892,-0.001603763515627146,-0.00342112017297511,0.00037804527404677353,0.976,1.0033732679105865,,,3.0
Descending Triangle,3,,,1638,-0.001534067303202531,0.46825396825396826,0.44419113284205924,-0.0011878178714114247,0.47509157509157507,-0.000346249431791106,-0.0021667973534958774,0.0015181150344011124,0.65,0.8865223243473718,,,3.0
Double Bottom,3,,,5595,0.0006244242808123156,0.5059874888293119,0.49288716347422373,0.0004933083926288888,0.5102055406613047,0.00013111588818342663,-0.0009254556136288782,0.0011901367722098246,0.382,1.0521260774789696,,,3.0
Double Top,3,,,6089,-0.0028714371884274834,0.4557398587617014,0.44326203718217594,-0.002528593598702253,0.4583182788635244,-0.00034284358972523,-0.001263969574279373,0.0006893753122038959,0.788,0.8159249282352179,,,3.0
Falling Wedge,3,,,3182,0.004111721584116275,0.5631678189817725,0.5458680281624755,0.0004102087372141955,0.508830923947203,0.0037015128469020794,0.002423394580882553,0.0047506364432413585,0.0,1.4206510878319842,,,3.0
Head and Shoulders,3,,,1774,-0.003527345807192496,0.4650507328072153,0.4419406536261391,-0.002322252491188755,0.46195039458850057,-0.001205093316003741,-0.00327906091018862,0.0008028283289098362,0.942,0.7857103330346659,,,3.0
Inverse Head and Shoulders,3,,,1725,0.0014091778527482455,0.5292753623188405,0.5056812583409844,0.0004039098498779461,0.5101449275362319,0.0010052680028702992,-0.0007793867547730364,0.0025083985210888884,0.092,1.1308420888076962,,,3.0
Inverted Cup and Handle,3,,,564,0.003384153919771198,0.4734042553191489,0.43251638738501325,-0.000887043930560516,0.4851063829787234,0.004271197850331714,0.0006547325459867296,0.007831949038438299,0.0,1.265013688218044,,,3.0
Rectangle,3,,,1334,0.0016811650081454393,0.5299850074962519,0.5031538430451834,0.00037430918508493666,0.5010494752623689,0.0013068558230605021,-0.0006958579934734763,0.002952022848532525,0.052,1.1573647083626049,,,3.0
Rising Wedge,3,,,5606,-0.0008563781952124493,0.48216196931858724,0.4690981998854377,-0.0027833408181061493,0.44682483053870853,0.0019269626228936999,0.0010760906466152633,0.0027323683889015175,0.0,0.9254957036377468,,,3.0
Symmetrical Triangle,3,,,3674,0.0010507529319528188,0.5277626565051715,0.511599000058781,5.359450709316638e-05,0.5011431682090365,0.0009971584248596526,-2.428377501336059e-05,0.002047813414027291,0.02,1.0993547645450756,,,3.0
Triple Bottom,3,,,143,-0.001488347720185389,0.46853146853146854,0.3886382432496935,0.0010551068951131243,0.5195804195804196,-0.002543454615298513,-0.009870142253221302,0.0046820504863474615,0.892,0.8862985214840607,,,3.0
Triple Top,3,,,214,-0.0027152266566538813,0.4532710280373832,0.38798245680526094,-0.0013888346533188875,0.4635514018691589,-0.0013263920033349935,-0.005471282958464932,0.0026663751835640124,0.752,0.7854252330110626,,,3.0
Ascending Triangle,3,,0.02,3162,0.0005017487835992951,0.46426312460468055,0.44693365446988076,0.0006346636699270568,0.4566729917773561,-0.00013291488632776138,-0.0010178287000424141,0.00073499068836541,0.63,1.0552247031713406,,0.36780518659076533,2.5695762175838075
Bear Flag,3,,0.02,4739,-0.0020696592683579077,0.33192656678624183,0.31866000337420447,-0.000464631277965657,0.3743405781810509,-0.00160502799039225,-0.0025374850770345787,-0.000756370160527701,1.0,0.8418239092326916,,0.5752268411057185,2.219033551382148
Bull Flag,3,,0.02,7699,-0.00018866920400406901,0.4171970385764385,0.406226361813427,0.0010745686710553037,0.42283413430315625,-0.0012632378750593728,-0.0019092594274783673,-0.000532945813262977,1.0,0.9823207057359717,,0.4607091830107806,2.424470710481881
Cup and Handle,3,,0.02,1223,0.0004599290162789893,0.45952575633687653,0.4317650471975572,0.0010146653419245966,0.45126737530662303,-0.000554736325645607,-0.0021388427891271895,0.0011311046569401364,0.732,1.0486847350460238,,0.38266557645134913,2.5674570727718726
Descending Triangle,3,,0.02,1640,-0.001093985866808975,0.3871951219512195,0.3639093700758175,-0.0011270745379064627,0.3983536585365854,3.308867109748783e-05,-0.0013182928399021188,0.0014193942720583895,0.48,0.9016702629793234,,0.4689024390243902,2.4097560975609755
Double Bottom,3,,0.02,5595,0.00037335505404228147,0.42752457551385165,0.41461537391888303,-1.475476213032265e-05,0.4264343163538874,0.00038810981617260436,-0.000332058800691018,0.0012082522232632238,0.144,1.0362332773449476,,0.43449508489722966,2.4427167113494193
Double Top,3,,0.02,6097,-0.0018743409622006418,0.3601771362965393,0.3482186843616227,-0.0019061423588953856,0.38399212727570936,3.180139669474358e-05,-0.0007404293481074373,0.0007668826192802402,0.472,0.8441427781553157,,0.524192225684763,2.2944070854518617
Falling Wedge,3,,0.02,3182,0.0031616070963431772,0.4833438089252043,0.46601094928459225,-4.926869692624436e-05,0.4334066624764299,0.0032108757932694217,0.0021898945957586125,0.004191483472940447,0.0,1.3508099028090033,,0.3742928975487115,2.5408548082966687
Head and Shoulders,3,,0.02,1774,-0.0008067494405174563,0.3810597519729425,0.3587401583485493,-0.0018215839144049997,0.38393461104847804,0.0010148344738875438,-0.00035022376550640917,0.002489891754242256,0.032,0.9312038708515977,,0.49492671927846676,2.351183765501691
Inverse Head and Shoulders,3,,0.02,1726,0.000914429706535657,0.4542294322132097,0.4308672072564912,5.9249984911651756e-05,0.4342989571263036,0.0008551797216240053,-0.0005032736942413398,0.0021548092403176266,0.102,1.0948455129011578,,0.40730011587485515,2.503476245654693
Inverted Cup and Handle,3,,0.02,564,0.000833045268831778,0.3723404255319149,0.3334321104353986,-0.0006802456226285857,0.41294326241134754,0.0015132908914603643,-0.0015558222181186248,0.004218269526180934,0.066,1.0698009788812055,,0.5177304964539007,2.3404255319148937
Rectangle,3,,0.02,1335,0.00017078122742943382,0.4337078651685393,0.40735070830595094,-0.00041340076770369106,0.42254681647940073,0.000584181995133125,-0.0008741917073243617,0.001909869278436568,0.232,1.0169585046350313,,0.4299625468164794,2.441198501872659
Rising Wedge,3,,0.02,5608,-0.00017452116508619262,0.42813837375178315,0.4152413147077617,-0.002209588582286206,0.3864657631954351,0.002035067417200014,0.001310654174950503,0.0026319489283371904,0.0,0.982127919253296,,0.38605563480741795,2.5627674750356633
Symmetrical Triangle,3,,0.02,3674,0.0010947224250402083,0.46624931954273274,0.4501618302099104,-0.00013688488708061536,0.4343494828524769,0.001231607312120824,0.0004303860292060665,0.002092395312900125,0.0,1.1195014477825758,,0.3728905824714208,2.552531301034295
Triple Bottom,3,,0.02,143,-0.0006211669273865505,0.40559440559440557,0.32860780658245403,-0.0002592027542906221,0.45104895104895104,-0.0003619641730959286,-0.005342917050913774,0.005147462214986744,0.592,0.9382443357805252,,0.42657342657342656,2.5314685314685317
Triple Top,3,,0.02,214,-0.0026400427086074782,0.37850467289719625,0.31620353610932345,-0.001114068213803175,0.4130841121495327,-0.0015259744948043033,-0.004585876808033905,0.0021582444862269473,0.848,0.7646604941724416,,0.5046728971962616,2.2990654205607477
