period,rule,below_ma200,n,years_pos,net_5,hit_5,xspy_5,xloc_5,t_5,net_10,hit_10,xspy_10,xloc_10,t_10,net_20,hit_20,xspy_20,xloc_20,t_20,net_40,hit_40,xspy_40,xloc_40,t_40,net_60,hit_60,xspy_60,xloc_60,t_60
all,base_breakout,False,1444,6/10,0.0024856966987672766,0.5110803324099723,0.0006929290151937957,0.0008942869111286511,0.6091344730226363,0.0071242794310696095,0.5339335180055401,0.0031436185441937646,0.0023092709375312098,1.1527861074848467,0.013486024734848943,0.5470914127423823,0.003196381618064022,0.002497606282115497,0.8444170542577594,0.03071089582687167,0.5803324099722992,0.01082944551264061,0.008869532347604002,1.7944114886663836,0.049614563294882494,0.6045706371191135,0.012748401965609368,0.023509071828087574,3.6662885494574615
all,base_breakout,True,338,6/10,-0.010980755669626146,0.45857988165680474,-0.0077629011384313185,-0.009202909169987037,-2.4970085734657177,-0.011662052028934907,0.46745562130177515,-0.012823528238798745,-0.008208767557104727,-1.7475457517305262,-0.020220937024026785,0.44970414201183434,-0.020465426570003716,-0.018055749367376275,-2.5701569471922965,-0.02826959975510781,0.4526627218934911,-0.030628030265115295,-0.007754680174805131,-0.8549506464599587,-0.008081967208267456,0.4911242603550296,-0.027842966459912605,0.03701400346240569,3.393783229492854
all,golden_20_50,False,5095,8/10,0.0025009338295390706,0.5324828263002944,0.0007166398439186299,0.00037224399429297274,0.6022605738385675,0.00693513139086413,0.5585868498527968,0.0020063037011060427,0.0020776331536861785,2.3447089240000616,0.014110349372358187,0.5731108930323847,0.005056216907802014,0.00507713524756906,3.94118370880192,0.02361309257850309,0.5835132482826301,0.006750225495294486,0.008818925082159288,4.46552020707544,0.03857745368602204,0.5994111874386654,0.006313251729205035,0.015414361880358335,6.032191254932946
all,golden_20_50,True,3596,8/10,0.0038113248391985445,0.5347608453837598,0.0004627250423449264,0.005538247835909412,6.090043745562312,0.010284337558629073,0.5609010011123471,0.0023524760118326664,0.012621485582913296,9.685003740297576,0.019083109468941907,0.5742491657397107,0.00665064906227043,0.024493740540439308,13.006961903572861,0.02091554002921752,0.5723025583982202,0.0012867522227063865,0.039785066084920925,15.158782490436396,0.039031474977376676,0.5901001112347052,0.003690570832308551,0.06903480687565677,19.88369642676526
all,higher_high,False,9473,4/10,0.001254909297612233,0.5209542911432492,0.0004190152898695475,-0.0023166467420774385,-4.713705445632182,0.004930852897162402,0.5397445371054577,0.0017137803641997516,-0.003319808755220209,-4.766251199922532,0.012314479075117452,0.5604349202997995,0.002774910103617777,-0.0070439410522473,-6.571084401475282,0.02523642766410587,0.5835532566240895,0.00596883343708917,-0.014980861600395462,-8.970248292909897,0.03840249069495818,0.5957985854533938,0.006339758067238346,-0.023972838291522587,-10.827016710934789
all,higher_high,True,4054,9/10,0.00012077625435459008,0.5148001973359645,-0.003138170772637315,0.002332917030442469,2.6918951818663466,0.0037966775543150947,0.5392205229403059,-0.0030769868979911175,0.007696610715469477,6.119297294855707,0.013586310190035937,0.5636408485446472,-0.001442692731255387,0.023211051933272484,13.012841023297291,0.029289180434435545,0.5860878145041933,0.001482892440917395,0.049944114051463886,19.737966197191614,0.03717869959903136,0.57498766650222,-0.004005112523769474,0.06875436555734982,21.79793016371063
all,ma50_cross,False,5332,7/10,0.0019669904279220884,0.5266316579144786,0.0003044726525361046,-0.00027515053651436136,-0.44103028571504527,0.004998831529817641,0.5468867216804201,0.0007457698647455377,-0.00027365603944268815,-0.30091081008465653,0.013207882042188679,0.5776444111027756,0.0025114280541360724,0.0022472079121798275,1.6430682922349849,0.024666202254229722,0.5800825206301575,0.005175471182625948,-0.0019221261453771796,-0.9660285801107452,0.04034177676273873,0.6093398349587397,0.009662509427225126,-0.002785768715678518,-1.0576039885922357
all,ma50_cross,True,5245,9/10,-9.160658048383314e-05,0.5105815061963775,-0.0009825233603338397,0.0019057703241912006,2.6206622194586426,0.006807590146593137,0.5582459485224023,0.0010956252262014953,0.011584107471745977,10.836593876396373,0.021293792605295073,0.58836987607245,0.004521903953794498,0.029767881012652365,19.63428132359264,0.028022248891184525,0.5979027645376549,0.0050883945126663,0.045326580858619236,21.767376231445624,0.03952778296571049,0.594280266920877,0.0038614333074609587,0.06393211645208502,22.82087886457971
all,rsi_turn,False,5142,4/10,-0.001065178868526896,0.5021392454297938,-0.0016429030002677622,-0.003690728455336811,-5.80286822384377,-0.000937028711193153,0.5190587320108907,-0.0023696288609868737,-0.00787337149429572,-7.81590057047801,0.007938474918232883,0.5616491637495138,-0.0010101689634888199,-0.007808113822129295,-5.364679589021463,0.02139701933779419,0.5700116686114353,0.001542575965566372,-0.0151968800483932,-7.296801430454684,0.03669378079351605,0.5923765071956437,0.005781310121594566,-0.019726497718426255,-7.61192020584298
all,rsi_turn,True,6356,9/10,0.001029094093734749,0.5250157331655129,-0.001888794723211436,0.003208173286611085,4.999998520424784,0.00580049338088664,0.5486154814348647,-0.00044885211050969766,0.010209061753134118,10.844544559503266,0.020944589260278586,0.5901510383889238,0.003329693717481163,0.0286441207516148,20.694425708576368,0.03919063744582275,0.6118628067967276,0.0096827056300536,0.05190691974174842,26.394735978546418,0.04710172890699339,0.6143801132787917,0.007004629018341722,0.06361669827916698,25.81065965329112
all,thrust,False,1577,7/10,0.0021542430900299003,0.559289790741915,9.754789166453068e-05,0.0019533340685910596,1.7990471886891597,0.008648233687173545,0.5814838300570704,0.003444405681497879,0.008097726767168467,4.8804893643824645,0.015545647802016038,0.5897273303741281,0.004782268910549726,0.013524522425649626,5.711793030899326,0.025300085655438963,0.6036778693722258,0.00850775422785691,0.020591366733200275,5.959263207295956,0.03787577379108383,0.6131896005072923,0.007850882906830833,0.028264680594070783,6.0754202674126665
all,thrust,True,3177,9/10,0.006437445457115528,0.5624803273528486,0.002092587267153417,0.00886300586908971,8.471113508127619,0.01326139400698588,0.5914384639597104,0.00410715939986403,0.01882250736579734,12.256326269492142,0.026281954118611277,0.598048473402581,0.004211770628370358,0.0359533305637466,16.20751251145506,0.04217206357323635,0.6144161158325464,0.010575618870388843,0.06048570125462276,20.36850188241889,0.05508714282790452,0.6172489770223482,0.008960871689530438,0.07851246230863232,20.07921486144792
train,base_breakout,False,775,3/6,0.002383007910884679,0.52,0.0010223114472071562,0.0005207285632031408,0.2835266076221028,0.0033373761977494275,0.5238709677419355,0.0006690972282582527,-0.0021808358023911382,-0.8768827811342972,0.009340124949370372,0.552258064516129,-0.0002571980945406238,-0.0013373969096059236,-0.3670702410963645,0.02989041096329921,0.6116129032258064,0.012143877521534646,0.010224125175848147,1.9742686006862638,0.045863028307430664,0.6309677419354839,0.014485544995554135,0.017367489615514826,2.3916717367537417
train,base_breakout,True,195,3/6,-0.017377980121728445,0.441025641025641,-0.011798754859059958,-0.015758408692160143,-3.0021770750615944,-0.025212423846546032,0.4205128205128205,-0.022814363119889693,-0.021423135222899,-3.3444949939009594,-0.03425657158377357,0.40512820512820513,-0.02811481877956004,-0.035679976894592284,-3.67612353587323,-0.04814218286801301,0.4307692307692308,-0.03608886546075128,-0.032421008357411976,-2.684245740423493,-0.018171289746546186,0.48717948717948717,-0.023161588553932445,0.021728490998109844,1.531302410620707
train,golden_20_50,False,2966,5/6,0.0022170877344451384,0.540458530006743,0.00047231991171314705,0.0005591984630032275,0.7168693759267043,0.006230444109905152,0.5640593391773432,0.0013584627806849663,0.0021371998098166163,1.900539506590767,0.011312752390300797,0.5792312879298719,0.00372246620178324,0.00359995126784748,2.2722793387931297,0.016835598694545484,0.5637221847606204,0.005308427721307044,0.003932234226973109,1.6797893932573287,0.029738163873734316,0.5863115306810519,0.00662308267243037,0.010871874249829635,3.561773268565032
train,golden_20_50,True,2235,4/6,0.00491361521630736,0.5494407158836689,0.0010619691226683404,0.006536025821948823,5.35113630002479,0.013147358445918283,0.574496644295302,0.004508059206899847,0.01527981220989336,8.659932666687796,0.021200695878871505,0.5767337807606264,0.010202855731572192,0.025863734258611548,10.371952834368486,0.015892545761810498,0.5606263982102908,0.003265602379749984,0.0330199684241392,9.97173864537004,0.039241707803648496,0.6,0.011916687032958744,0.06469779524537514,16.032247260495403
train,higher_high,False,5415,2/6,0.0012205163741380509,0.5246537396121884,0.0008535958610565489,-0.002017452775570929,-3.232411240304346,0.003448428056909199,0.5397968605724839,0.0018157293897101605,-0.004104510843589307,-4.6396868343052535,0.00817451139355543,0.5569713758079409,0.0018036048224731845,-0.010481720029755438,-8.03612636551406,0.020906959088128382,0.589843028624192,0.006633045988746361,-0.016786880257459013,-8.27409472517396,0.0336035837708639,0.6107109879963065,0.00889820770533282,-0.022742930801024176,-8.647590619996947
train,higher_high,True,2499,5/6,-0.001448868734071998,0.5038015206082433,-0.0044714919695894315,0.0009244041450896356,0.7905671542985935,0.00038655635145593296,0.5306122448979592,-0.004599074556283096,0.0044384786079053815,2.662989801748564,0.008270618586308523,0.5402160864345739,-0.0021794863601075375,0.01804811379166,7.795023353330701,0.023297361492733846,0.5670268107242897,0.0032616271933520818,0.042482575084976694,12.863678795406368,0.02493415869979994,0.553421368547419,-0.003519476321513732,0.05276981289753863,13.574037578147887
train,ma50_cross,False,3041,4/6,0.0019688675485757486,0.5291022689904636,0.0008555444889289692,-0.00014542010970676006,-0.18163760888448224,0.004770457590099563,0.5537652088128905,0.001923381987007298,0.0005710199167702607,0.49221082528946075,0.010952253985130953,0.5830318974021703,0.0026809357602901145,0.0020136673571405817,1.1676948980153756,0.01937609491669698,0.5761262742518908,0.004339339560823383,-0.0033733153419924023,-1.371277075100591,0.03014780005402633,0.5984873396908912,0.0062633330494505125,-0.005623435589659135,-1.7823508724904555
train,ma50_cross,True,3167,5/6,-0.001361502816059327,0.5197347647616041,-0.0008210005265089558,0.0008024252186019042,0.8327233458791882,0.006531658699814906,0.5664666877170824,0.0029181146923911725,0.01121488932623822,7.850688872736218,0.022525348588671078,0.5958320176823493,0.007775022927305448,0.030941119483446494,15.574248047828375,0.022285342833103343,0.5942532365014209,0.006642421863702681,0.0389729601686949,14.73381494799597,0.03337608584992002,0.59141143037575,0.008338778210513011,0.054109660660412624,16.19589464967335
train,rsi_turn,False,3070,3/6,-0.0013620022479830334,0.5198697068403909,-0.0002334134752188955,-0.0036814864628589346,-4.4001386505374525,-0.0009755052760734617,0.5351791530944625,0.0006521677054125672,-0.007269073044977615,-5.46635101676062,0.007761744443630976,0.5801302931596091,0.0036169499138818174,-0.006407474531962946,-3.464719401349911,0.01793440680209924,0.5765472312703583,0.005491135917056481,-0.01415536601133015,-5.41476040801159,0.02731901519250494,0.5788273615635179,0.006014018092215798,-0.02298749887949679,-7.340301833986664
train,rsi_turn,True,3773,5/6,-0.00016409476682882436,0.5261065465147098,-0.0023453597222785495,0.0021844205537321915,2.518357904317369,0.004315630971859717,0.5536708189769415,-8.161544298708638e-05,0.009202882297855462,7.246666504461858,0.02218930769235373,0.6034985422740525,0.007100708211650737,0.030613090367348748,16.816457770649933,0.04064705093815778,0.620196130400212,0.016730020546810526,0.05358917605219169,20.793459983102593,0.04142962335008035,0.6069440763318315,0.012992005887511435,0.05501568741905132,17.538587964787446
train,thrust,False,938,5/6,0.002861227655689232,0.5724946695095949,0.0016950114055067468,0.003421447883941842,2.380498536163176,0.010015271235869297,0.5991471215351812,0.004467194605558845,0.009637672227391807,4.52919306396984,0.01638950656786547,0.6108742004264393,0.006599113997597031,0.015826707559226324,5.290810448521693,0.0234684541778573,0.6098081023454158,0.011990088376786891,0.020131167959503864,4.528853764931461,0.03360661695267978,0.6247334754797441,0.014026547891551102,0.025221653583155333,4.307967092098665
train,thrust,True,2110,5/6,0.006860822893307461,0.5729857819905213,0.0019844242619537463,0.00930264360950141,7.260597221513628,0.015991675153141777,0.6042654028436019,0.004813925316200073,0.021694052790149597,11.316146733261398,0.027362485221820325,0.614218009478673,0.0037098663531480126,0.037512192437287276,14.249976214961148,0.04336484173593755,0.6199052132701421,0.014157116529186217,0.06011589463942005,16.556127324800535,0.05340487626226977,0.623696682464455,0.014318687220022022,0.07172514619982924,15.667586601194108
test,base_breakout,False,669,3/4,0.0026046560569272367,0.5007473841554559,0.00031135743849670336,0.0013270338762142587,0.5647400625977537,0.011511200217053376,0.5455904334828101,0.006010216481189313,0.007510814619802989,2.336593555774603,0.018288823439999755,0.5411061285500748,0.0071971652911112585,0.006940248245619384,1.4497328075681828,0.03166138277645112,0.5440956651718983,0.009306747744489818,0.0073003104613720005,0.8270643769820218,0.053960511897685436,0.5739910313901345,0.01073601654228023,0.03062375974250294,2.786392125875687
test,base_breakout,True,143,3/4,-0.002257267780395743,0.4825174825174825,-0.0022594642466649928,-0.0002635916397509811,-0.05392751124872844,0.006815727722352989,0.5314685314685315,0.0008003375081434592,0.009810824714432924,1.4897630312387833,-0.0010814353516447972,0.5104895104895105,-0.010034437193335995,0.005977288169736464,0.6155568722194438,-0.0011706227829643603,0.4825174825174825,-0.02318143681652077,0.02588122189238602,1.951403218828866,0.005676199889385354,0.4965034965034965,-0.03422666360443101,0.05785788409553638,3.416188834687183
test,golden_20_50,False,2129,3/4,0.002896371837077165,0.5213715359323626,0.001057012281176245,0.00011178981195637638,0.11138473232880637,0.007916861064572128,0.5509628933771724,0.0029088383041914875,0.0019946483241498328,1.3953942411775944,0.018007800123312726,0.5645843118835134,0.006914321461137701,0.007135062764644781,3.315451034077024,0.03305510613407765,0.611085016439643,0.008758854991605785,0.015626780918928763,4.574653648474807,0.05089184240525427,0.6176608736496008,0.00588161313004752,0.0217426936380606,4.950512464794436
test,golden_20_50,True,1361,4/4,0.0020011712809044936,0.5106539309331374,-0.0005213385282082188,0.0038997218999813556,2.9492446090507562,0.005582756601177648,0.5385745775165319,-0.0011873685443577451,0.008256048396065061,4.450622186806995,0.015605662278499109,0.5701689933872153,0.0008173045318593806,0.02224397128245623,7.870416481001709,0.029164174994430376,0.59147685525349,-0.0019628657794923204,0.050894539466145874,11.869593429401286,0.03868623591292591,0.5738427626745041,-0.009818150481764324,0.07615693839195317,12.011280592145695
test,higher_high,False,4058,2/4,0.001300803255377806,0.5160177427304091,-0.00016088953836544852,-0.002715891524884916,-3.4416485272135318,0.006909002357480562,0.5396747166091671,0.0015777394639683896,-0.0022727013603166452,-2.0327294832248946,0.01783885684634919,0.5650566781665846,0.004071021019684304,-0.0024565647182880706,-1.3680900780387555,0.031013675652996477,0.5751601774273041,0.0050825074224948655,-0.012570908168163059,-4.481401099996404,0.044806157770850376,0.5758994578610153,0.0029257598439062665,-0.025614028301638142,-6.749483526711909
test,higher_high,True,1555,4/4,0.0026433118338260006,0.532475884244373,-0.000995425003387578,0.0045965014037522645,3.6689054316530103,0.009276994522768499,0.5530546623794212,-0.0006308794651476104,0.01293266996743261,6.862423777617161,0.02212901971911299,0.6012861736334405,-0.0002586108801290037,0.031508275351851,11.34529187230328,0.03891847659862368,0.6167202572347267,-0.0013756658525451637,0.061935358988603126,15.880852884313885,0.05685658236892159,0.6096463022508039,-0.0047855658160119805,0.09444272381900135,17.874716139152866
test,ma50_cross,False,2291,3/4,0.001964498798106384,0.5233522479266696,-0.00042700244762570273,-0.0004473505487020161,-0.4520397804565985,0.0053019677806612365,0.5377564382365779,-0.0008173547375233464,-0.0013948518416441623,-0.9606018144781951,0.01620193045838795,0.5704932343954605,0.0022864289557447833,0.002557202162670594,1.1558740222644082,0.031688121247436654,0.5853339153208206,0.006285325509077979,4.135900413692245e-06,0.0012594727863374936,0.053872934847066276,0.6237450894805762,0.014174467246872704,0.0009808593785052707,0.21911159706032712
test,ma50_cross,True,2078,4/4,0.0018437935052079807,0.4966313763233879,-0.001228694108516423,0.003587336228619161,3.260281772719596,0.007228126668222905,0.5457170356111646,-0.0016819609814128966,0.012146818668484704,7.619788977183423,0.01941682542562626,0.5769971126082772,-0.0004360497464505343,0.027979793314382394,11.956041999342846,0.03676564710386166,0.6034648700673725,0.0027199611051917007,0.055009890158422114,16.36211954681777,0.0489033483005076,0.5986525505293552,-0.0029623161188941194,0.07890214411918148,16.137675055457326
test,rsi_turn,False,2072,1/4,-0.0006253874713597432,0.47586872586872586,-0.003731287576474336,-0.003704421948052583,-3.7907250520671707,-0.0008800195151591041,0.4951737451737452,-0.00684690466158836,-0.008768736474704301,-5.698260927859708,0.008200329434172968,0.5342664092664092,-0.007865986991253229,-0.00988338535726959,-4.200081112006287,0.02652743462958159,0.5603281853281853,-0.004307848286882778,-0.01674004997782542,-4.891140203412599,0.05058399816567053,0.6124517374517374,0.00543651597593473,-0.014894801982670187,-3.3456081501797423
test,rsi_turn,True,2583,4/4,0.002771990559436012,0.5234223770809137,-0.0012218881256581182,0.00470357362000329,4.995786228830884,0.007969438742581792,0.5412311265969802,-0.0009852764026362223,0.011678792718974762,8.418520648881737,0.019126423312071265,0.5706542779713512,-0.0021786445273898423,0.02576803776277849,12.111888393099521,0.037063247547804906,0.5996902826171119,-0.0006113397361577387,0.04944964019885162,16.263256455474394,0.05538699962562786,0.6252419667053813,-0.0017411599585755563,0.07618023446779121,19.23068750640884
test,thrust,False,639,2/4,0.0011164472800323198,0.539906103286385,-0.0022473985496249825,-0.00020173754142307812,-0.12229875385608943,0.006641533811310298,0.5555555555555556,0.0019430347726259144,0.005837212147936088,2.2050410675482373,0.014306931804571961,0.5586854460093896,0.0021152881724427267,0.010145101994828116,2.6319197592651316,0.027988771611576053,0.594679186228482,0.0033959710796623507,0.021266901083321136,3.8706711919656485,0.04414254861803689,0.596244131455399,-0.0012144907327115944,0.03273159661322367,4.297915786765088
test,thrust,True,1067,4/4,0.005600213601103361,0.5417057169634489,0.002306480370219307,0.007993619147188415,4.408861126291381,0.007862243849170555,0.5660731021555764,0.0027095248324141203,0.013144006104894558,5.156282953565129,0.02414519626690454,0.5660731021555764,0.005204289860534507,0.03287067025149651,8.085145873353545,0.039813336372393315,0.6035613870665417,0.0034931820755786593,0.061216996435576605,11.85934901278154,0.058413836786188805,0.6044985941893158,-0.001634246182388249,0.09193442762219796,12.582671061545843
