set,period,n,years_pos,net_5,hit_5,xspy_5,xloc_5,t_5,net_10,hit_10,xspy_10,xloc_10,t_10,net_20,hit_20,xspy_20,xloc_20,t_20,net_40,hit_40,xspy_40,xloc_40,t_40,net_60,hit_60,xspy_60,xloc_60,t_60
"any turn rule, beaten-down",train,3381,6/6,0.00022048347791097267,0.5300207039337475,-0.001554539234950515,0.0036925453613059272,3.5372615025420306,0.010403927504768538,0.5729074238391009,0.0020680617712209347,0.016806401171239854,10.715472189800467,0.02726951299993878,0.6081041112097013,0.005856052557436657,0.03963450410747267,18.601545198792508,0.037305262908740464,0.6143152913339249,0.008724380234500484,0.05932803281957581,20.548554960456244,0.04259310920523832,0.6013013901212659,0.007851112441142042,0.06709478256950505,19.205327425438853
"any turn rule, beaten-down",test,2041,4/4,0.002321408933703367,0.5183733463988242,-0.0017519786229666986,0.005413853553477636,4.552770508867412,0.005729436544184344,0.5247427731504165,-0.0032479851710303406,0.012048083644851514,7.209271903284345,0.021900559203321797,0.5796178343949044,9.333166554693225e-05,0.034867752326166714,12.789383424977864,0.03707441441634806,0.5982361587457129,-0.001437241520472777,0.06453377613830504,17.542917789609817,0.053051867094099654,0.595296423321901,-0.0035279824725303593,0.09641479020410937,18.233046389539727
2+ rules within ~5 bars,train,583,6/6,0.003525392175512642,0.5523156089193825,0.0015159892739255393,0.0073550864143585954,3.114653658954972,0.014285751417723001,0.5746140651801029,0.008042982212721546,0.022602156965225988,5.691504204365402,0.04264275250834958,0.660377358490566,0.01847186617904898,0.05989309536831576,11.102339472809971,0.047969397041261685,0.6226415094339622,0.01878597487609398,0.07465784584784921,10.672056679254048,0.03991723872107595,0.5900514579759862,0.01047104122633813,0.07108153513659529,8.269387407900545
2+ rules within ~5 bars,test,404,4/4,0.005881128441370589,0.5371287128712872,0.002045493909071126,0.008750307806625073,3.270023854533374,0.004217227396758523,0.5198019801980198,-0.005498098039335019,0.012175003912593952,3.181305510920422,0.02403357399118712,0.5717821782178217,0.0022013688485348374,0.0396623058025404,5.435246699371307,0.04594898958900305,0.599009900990099,0.004921210389358453,0.08213330110751893,8.816756978467057,0.06869413128879456,0.5915841584158416,0.006564629625197142,0.11915923672484931,7.6083084575729165
single rule,train,2798,6/6,-0.00046813759810824607,0.5253752680486061,-0.002194324124398242,0.0029294068931394845,2.522847175086691,0.009595098576515339,0.5725518227305219,0.0008231087271198431,0.015598779431463615,9.151516401982814,0.02406629690508406,0.5972122944960686,0.0032273823139055712,0.03541336089622481,15.338305896310944,0.03508325068598855,0.6125804145818442,0.0066279150178996955,0.05613386520146166,17.72494714384736,0.04315066191870032,0.6036454610436026,0.007305215914419626,0.06626409037986473,17.331964654492964
single rule,test,1637,4/4,0.0014428953838575768,0.5137446548564447,-0.0026891679344775606,0.004590440286360004,3.459216254584973,0.006102639046053636,0.5259621258399512,-0.0026926732597321794,0.012016760622146601,6.4680610900972075,0.021374146268503477,0.5815516188149054,-0.0004269169733822755,0.03368449050304212,11.682216265350007,0.03488423215015831,0.598045204642639,-0.003006462394982134,0.06019033808848071,15.188517133071361,0.04919146713401612,0.596212583995113,-0.006018767620656144,0.09080162197296768,17.019806361919297
depth 6m < -30%,train,492,6/6,0.00014163924295966242,0.5365853658536586,-0.004687673450298795,0.007492351129727691,1.760141760623577,0.030650696567938465,0.6138211382113821,0.014769709716428674,0.044209020003886504,6.9023395442569235,0.06094783137444727,0.6524390243902439,0.024904411131397138,0.08601838844713516,10.389791021083552,0.06886654809314656,0.6585365853658537,0.025020379977542483,0.1150822477658302,10.558681645995062,0.06614359841446094,0.5934959349593496,0.019001153841632312,0.10605349591006581,8.680190845086058
depth 6m < -30%,test,203,4/4,0.007754654414056986,0.5467980295566502,0.002989280013670178,0.013964465789589172,2.7331758157036,0.00495052388205165,0.4975369458128079,-0.00566738391232258,0.021122805358869495,2.923687926620881,0.04463621612203554,0.5665024630541872,0.020728553148982157,0.07657530402437232,5.4378427717213365,0.06626174739356892,0.6354679802955665,0.0209920419453441,0.12464188145615315,7.1074088560686155,0.11215017487023747,0.6157635467980296,0.04830847992687593,0.21622361729172476,7.019540367365513
depth -30% to -20%,train,755,6/6,-0.0006857191404541007,0.5019867549668874,-0.003635926224948954,0.0033590648404500344,1.5074170932328148,0.012214363548662047,0.5708609271523178,-0.0007242645687040943,0.02113532443823119,6.533348886403876,0.03552210499358517,0.6397350993377483,0.005761290484975788,0.05205321550772817,11.638203431684508,0.04761647585094926,0.6357615894039735,0.009026203371178506,0.07438029225369988,12.266102848019123,0.05066679907551301,0.6066225165562914,0.007342995489860967,0.0825195652392903,10.567624953485442
depth -30% to -20%,test,428,3/4,0.0046009623819248,0.5467289719626168,-0.0011099685529148127,0.009120668378623733,3.2938450730780584,0.00829440446770278,0.5420560747663551,-0.003940843612017948,0.017006260284984684,4.320798446061516,0.022657832423926855,0.5700934579439252,-0.0033849225391033733,0.03968525978092949,6.444879880248898,0.04277652799143755,0.5864485981308412,-0.0006466734860221581,0.08489700551533498,10.196056265976113,0.05883666385849688,0.5911214953271028,-0.006324158946873151,0.1249655656606581,11.471126851697115
depth -20% to -8%,train,2134,6/6,0.0005592718286427791,0.5384254920337395,-9.580014807133239e-05,0.0029344728941937863,2.734771563059334,0.00509545065743058,0.5641986879100281,0.00012757236053733136,0.008957092112083058,5.579893238480977,0.01658514580431497,0.5866916588566073,0.0014979236663023583,0.0245468760838987,11.096494470727118,0.026380652748433327,0.5965323336457357,0.004860505660100964,0.04114830947078442,13.352767424918278,0.03430703772304765,0.6012183692596064,0.005460207065873064,0.052655514584854755,13.690833135415046
depth -20% to -8%,test,1410,4/4,0.0008472261618235382,0.5056737588652482,-0.0026294650153209486,0.0030576187810711325,2.3416465040165244,0.005062991862728349,0.5234042553191489,-0.002689345910587064,0.009236545978239709,5.060448959020194,0.018397402257989984,0.5843971631205673,-0.0018217443355502455,0.027400712478383594,9.827408501457773,0.031141412143642987,0.5964539007092199,-0.004906395890902346,0.04969873532065115,12.823475994424589,0.04278743482905143,0.5936170212765958,-0.010142194058389058,0.07049924141390457,13.830943490891489
