rule,beaten,n_train,n_test,xrand_20_train,t_train,xrand_20_test,t_test,net_train,net_test,hit_train,hit_test,passes
base_breakout,False,847,727,-0.0028577069253174,-0.81597147272371,0.0066303905132459075,1.467734995135859,0.007358124640077738,0.016652067584646515,0.5442739079102715,0.547455295735901,False
base_breakout,True,123,85,-0.0453138238507825,-3.360985245375731,0.007970404487787143,0.5721686665060363,-0.046128180432680105,-0.00029971185839282143,0.37398373983739835,0.43529411764705883,False
golden_20_50,False,3839,2725,0.004761066967834139,3.316730595073895,0.009168845520658879,4.928994644648447,0.011160662372968488,0.01748713595955522,0.5743683250846575,0.5625688073394496,False
golden_20_50,True,1362,765,0.036861354947809975,10.614412092631643,0.02677057450660944,6.444054418527688,0.027967251122675448,0.015588846187950464,0.5888399412628488,0.5816993464052288,True
higher_high,False,6343,4672,-0.0075005262196397235,-6.177263322140978,0.0006080526542864725,0.37051639316803187,0.008233288253641599,0.017977556909775087,0.5554154185716538,0.5674229452054794,False
higher_high,True,1571,941,0.022864137629158125,7.28983154486273,0.038454629696587576,9.984330364357374,0.008090074888885421,0.02423970336156905,0.5366008911521324,0.6131774707757705,True
ma50_cross,False,4344,3286,0.005358917636784069,3.671657348989258,0.007896961127042792,4.4244897895181,0.01156136096544432,0.01742901485318644,0.58195211786372,0.5715155203895314,False
ma50_cross,True,1864,1083,0.043366389282698266,15.760700503435409,0.035134945889660506,9.810921043599564,0.029195832250651504,0.018647315888317192,0.6072961373390557,0.579870729455217,True
rsi_turn,False,4626,3311,-1.8922262149449405e-05,-0.012425115491485289,-0.001287568377732287,-0.7190932105285327,0.010010636241648689,0.01045214750952568,0.5789018590575011,0.5421322863183329,False
rsi_turn,True,2217,1344,0.04326557398628053,17.723083252377506,0.037458040163441855,11.59489807622834,0.027622737984362145,0.023651468451374204,0.6224627875507442,0.5848214285714286,True
thrust,False,1628,1029,0.0169148388836359,6.941782158898558,0.01638900215040259,5.077077457831925,0.01736945524566569,0.019246588600478273,0.6013513513513513,0.564625850340136,True
thrust,True,1420,677,0.0468019859370924,13.97382324686165,0.03647184951296554,6.623415112592385,0.031570935097714754,0.022304747666198648,0.6267605633802817,0.5612998522895125,True
