period,rule,beaten,n,years_pos,net_5,hit_5,xspy_5,xloc_5,t_5,net_10,hit_10,xspy_10,xloc_10,t_10,net_20,hit_20,xspy_20,xloc_20,t_20,net_40,hit_40,xspy_40,xloc_40,t_40,net_60,hit_60,xspy_60,xloc_60,t_60
all,base_breakout,False,1574,6/10,0.001960221112823904,0.5082592121982211,0.0004549493869420781,0.0004079868015080204,0.2895848967172973,0.006195420839139661,0.5304955527318933,0.0024175350384427453,0.001606014840754314,0.8441158226864913,0.011650816203420497,0.5457433290978398,0.0020983915671578496,0.0015246608242604426,0.5419578881433814,0.02766340081251961,0.5743329097839899,0.009100077806774668,0.008546032762279809,1.8371508498225648,0.047586014143447354,0.6010165184243964,0.011908178314788498,0.026167034744005092,4.338221103033701
all,base_breakout,True,208,4/10,-0.01542085295624286,0.44711538461538464,-0.011246929912965269,-0.011833674160382066,-2.315691973491787,-0.01637455042366014,0.4519230769230769,-0.017308497679841637,-0.009460786345450105,-1.4166950013323967,-0.027400200486456937,0.39903846153846156,-0.02694522812924645,-0.02353901900088625,-2.3676054558500312,-0.04207107702946928,0.4182692307692308,-0.04345229508278489,-0.015696792100828718,-1.2610406351476893,-0.02879164317485688,0.44711538461538464,-0.0468543408297482,0.02534096251436324,1.7340335259083872
all,golden_20_50,False,6564,7/10,0.0028249288785374906,0.5358013406459476,0.0007757728374395358,0.001135519068910714,2.0531139567599492,0.007193301535152675,0.5595673369896405,0.002269559922824462,0.003280352674958522,4.158609295579918,0.013787054896345826,0.5694698354661791,0.004990524403864228,0.006590926284782252,5.776828463539647,0.022713616499873752,0.5815051797684339,0.005979869742133165,0.0125821547497457,7.3107180648065135,0.03751798309961395,0.5991773308957953,0.005091417550985385,0.0219852519144823,9.980362026536655
all,golden_20_50,True,2127,9/10,0.003716478055730813,0.5260930888575458,0.00010487369632565212,0.006750623037387408,5.264951567661184,0.011800724504250461,0.5594734367653973,0.0017791395215165904,0.0161918985029429,8.747178957719791,0.02351521549735123,0.5862717442407146,0.0079545636982656,0.033232089767970575,12.397477482771485,0.021828307441169793,0.5707569346497414,-0.00010921725246098756,0.04955818390110318,13.330657509010134,0.04261460718526699,0.5843911612599906,0.0056498568258641895,0.08578944322455367,16.954152206160312
all,higher_high,False,11015,5/10,0.0012774841846809612,0.5222877893781207,0.00019655572347149696,-0.0017547438544874441,-3.8723662005991026,0.004720341807915842,0.5392646391284612,0.0012400971180781242,-0.002408087964819879,-3.738226268558772,0.01236630896734615,0.5605083976395824,0.002659378476157693,-0.00406128150797534,-4.113509499154963,0.025665054440420304,0.583567862006355,0.00583479056010105,-0.007894778791818685,-5.171166232713949,0.03902839441196154,0.5955515206536541,0.005993776398780074,-0.01293332002932191,-6.384150197002683
all,higher_high,True,2512,9/10,-0.0006744050887048555,0.5051751592356688,-0.004346287326980888,0.0027231507208970536,2.264355368359491,0.004023541116966495,0.5410031847133758,-0.003940737758766833,0.010461226287740122,5.998144255541751,0.014139756573915394,0.5652866242038217,-0.0035250823390983793,0.02870436574836637,11.768071053724446,0.029897468981706577,0.5875796178343949,-0.0006830465423918109,0.05872640319107132,16.96508896921442,0.033682913248429765,0.5632961783439491,-0.008838234487649333,0.07726752426627527,18.236804508070826
all,ma50_cross,False,7630,9/10,0.0017445222810754672,0.5209698558322412,0.00021555137691360351,0.00017523288020205853,0.3330627422148396,0.005429920282047392,0.5501965923984272,0.0009937017055425476,0.002021097330840703,2.633713669789425,0.014088374160086601,0.5774574049803407,0.0027759992186167748,0.006451972801789333,5.699710927983936,0.026009381959387356,0.5858453473132372,0.005763423390418796,0.008349063138705677,5.097374824370484,0.04128740828679718,0.6123197903014417,0.008021105436588993,0.012302103585406683,5.730620372832734
all,ma50_cross,True,2947,10/10,-0.0011208647972728001,0.5127248048863251,-0.0017558682889308702,0.002440324334491539,2.3331157002783107,0.00710189626190942,0.5585341024770953,0.0007265202636445239,0.01488922193847461,9.64727930741225,0.025319333024181177,0.5972175093315236,0.005404630669921849,0.04034139668186355,18.48136094868847,0.027161622498707228,0.5968781812012216,0.003498242652121097,0.055577125296227506,18.68685786421399,0.03644474045667186,0.5748218527315915,0.003587608918365486,0.07689351260350696,18.64091905534413
all,rsi_turn,False,7937,6/10,-0.0003168107459374921,0.5101423711729873,-0.001678420573888319,-0.0019496494963619003,-3.8086633688498712,0.0007743643876728805,0.5271513166183697,-0.0018258410128960314,-0.00371658553318454,-4.655645139970047,0.010194817142233385,0.5635630590903364,-0.00011831209656595727,-0.0005481508483526463,-0.47253410790664774,0.02518141800049885,0.5805720045357188,0.003570951838815716,-0.0002555520448661243,-0.15526959563044732,0.04099954074061746,0.605518457855613,0.006698866839586574,0.0019031582912412829,0.9168681665133402
all,rsi_turn,True,3561,10/10,0.0010048579635828815,0.5251333894973322,-0.0020026291471938024,0.004742429582977416,5.127960993775777,0.007274249972199001,0.5537770289244595,-0.0001532815215496604,0.015136888417898781,11.352667825219877,0.026123893206958106,0.6082561078348778,0.004748185220020995,0.041073682535032234,21.076721479833616,0.044721777694644124,0.6211738275765234,0.011550844665791244,0.07127389532429586,25.31735669512945,0.04567387107970478,0.6023588879528222,0.005919689014327605,0.08082244190863676,23.042540698826553
all,thrust,False,2657,8/10,0.002340666563376672,0.5536319156943922,-3.442922801346158e-06,0.0020605552766549138,2.2800298839913884,0.008808922707457851,0.5859992472713587,0.0033593297767092216,0.00849003577010536,6.252067914565657,0.01809642936011889,0.5871283402333459,0.005355721340162559,0.01671119341939161,8.58340917599288,0.03167839985489615,0.6127211140383891,0.011123188420291292,0.028330544973287068,10.237859911717532,0.04775262800802923,0.6270229582235604,0.011454695603584638,0.04230345164586101,11.2951747988854
all,thrust,True,2097,9/10,0.008407179070739802,0.5712923223652837,0.0032480355835882435,0.012285780687741537,9.02828662474629,0.015433669838412644,0.5908440629470673,0.004556287055972235,0.023848925117688543,11.962048529942932,0.028579419174426055,0.6056270863137816,0.003191359922488137,0.043466982427729554,15.077756192896528,0.042779862964396786,0.6084883166428231,0.008326732444368969,0.07122622805444426,18.646276239516386,0.05143691722244074,0.6018121125417263,0.0049663354711426055,0.08660334908360603,17.35607965110647
train,base_breakout,False,847,3/6,0.0018134844948703784,0.5159386068476978,0.0007561672483388345,-2.952578006181667e-05,-0.016659322552373252,0.001976560922987671,0.5159386068476978,-0.0002787113501960937,-0.0033335899063657646,-1.400134514427351,0.007358124640077738,0.5442739079102715,-0.001015036113033167,-0.0028577069253174,-0.81597147272371,0.02652712039184706,0.602125147579693,0.0112421245091079,0.008828475218032233,1.7715323857971144,0.04441950372995198,0.6233766233766234,0.015736665683784415,0.020189766124136664,2.9146185475664947
train,base_breakout,True,123,2/6,-0.02502354764192382,0.42276422764227645,-0.017471052725806,-0.02149850994127184,-2.9322676339219362,-0.03255368454139209,0.4146341463414634,-0.03003399953546548,-0.024748849305907608,-2.757363737609976,-0.046128180432680105,0.37398373983739835,-0.03920311054913902,-0.0453138238507825,-3.360985245375731,-0.07065957833008214,0.3902439024390244,-0.0581130336981426,-0.047773318114522956,-3.022403596536343,-0.04571442456574852,0.45528455284552843,-0.05381437585876238,0.0048465714594443515,0.26981283641907655
train,golden_20_50,False,3839,4/6,0.0025375154148615953,0.5423287314404793,0.0004795359903976005,0.0011572539978372451,1.6202274974925792,0.0064902423389142875,0.5634279760354259,0.0018293007721176696,0.003108668483128692,3.061387145862601,0.011160662372968488,0.5743683250846575,0.004358338468879623,0.004761066967834139,3.316730595073895,0.016232827530322784,0.5629070070330815,0.005690007496015593,0.007659147988474029,3.683909752926272,0.030333941420703742,0.5907788486585048,0.007643136010889253,0.018196351796224006,6.781467806573895
train,golden_20_50,True,1362,5/6,0.005738833003786757,0.5499265785609398,0.0014195764905789627,0.008681279189152723,5.14769357300821,0.016848607208160126,0.5829662261380323,0.005199726336837764,0.020965592230761155,8.46469109588733,0.027967251122675448,0.5888399412628488,0.01256428482564175,0.036861354947809975,10.614412092631643,0.016987078279558886,0.5609397944199707,0.0008806748626534865,0.04115944714934035,8.95039947971324,0.04365389858778906,0.5961820851688693,0.01243455182032851,0.07855341912827032,14.141832206559993
train,higher_high,False,6343,2/6,0.0011778858878767103,0.5238845971937569,0.0005301486900892238,-0.001545084048399036,-2.6723162190596947,0.003126524961379549,0.5383887750275894,0.001274159354134763,-0.003385216981499021,-4.144396254561896,0.008233288253641599,0.5554154185716538,0.00214244107146246,-0.0075005262196397235,-6.177263322140978,0.021454088034877732,0.5877345104839982,0.007252878069205746,-0.009740288059142194,-5.188614849497774,0.033781949444031116,0.6049188081349519,0.009159455274432007,-0.012939950383326421,-5.36236413931151
train,higher_high,True,1571,5/6,-0.0028535690562000965,0.4945894334818587,-0.006311120296383655,0.0007549632704376218,0.46450342127397926,-0.00012240966236714578,0.5308720560152769,-0.00620172212230919,0.006580689456885894,2.818507151719247,0.008090074888885421,0.5366008911521324,-0.005900394663591869,0.022864137629158125,7.28983154486273,0.022500324269463787,0.562062380649268,-0.0012324985408807476,0.04904242247126362,11.042241556615137,0.019092911130833046,0.5429662635264163,-0.011909485301596317,0.0577956062538782,11.145448617693498
train,ma50_cross,False,4344,5/6,0.001419525256340151,0.526012891344383,0.0006179409514515677,4.767647751880226e-06,0.006903450579872519,0.004799944007538875,0.5552486187845304,0.0022935077305062325,0.0021222269716565773,2.1293334753262267,0.01156136096544432,0.58195211786372,0.0035923369665253526,0.005358917636784069,3.671657348989258,0.020703979316137447,0.5812615101289135,0.006309164967906394,0.00596282896533827,2.865395630254138,0.033158637530840085,0.6040515653775322,0.008122548134809119,0.009074468706723206,3.4457431424895315
train,ma50_cross,True,1864,6/6,-0.0024093191613640845,0.5203862660944206,-0.0014392346404112004,0.0011149932681651317,0.8319493614769942,0.007694081472670439,0.5718884120171673,0.0027508992875391425,0.015040274730803983,7.458481028020405,0.029195832250651504,0.6072961373390557,0.009211969675553893,0.043366389282698266,15.760700503435409,0.021224409466101237,0.5949570815450643,0.0036617323102065037,0.04681683684218262,13.00476598021319,0.028616095717286197,0.5734978540772532,0.0054567367481024144,0.061612089925626466,13.254647489653511
train,rsi_turn,False,4626,4/6,-0.0005540314224756447,0.5214007782101168,-0.0006028191593823601,-0.001937452344403956,-2.8351020070706463,0.00035057973975809696,0.5369649805447471,0.0003610059678929195,-0.003809183455329908,-3.55656484264247,0.010010636241648689,0.5789018590575011,0.0046174829163082845,-1.8922262149449405e-05,-0.012425115491485289,0.02349233051336589,0.5877648076091656,0.009207093770832587,0.0005479912392885901,0.2559441820166674,0.03402255929542686,0.5959792477302205,0.009897258462998394,-0.0026352791457436137,-1.0157714790270314
train,rsi_turn,True,2217,6/6,-0.0010092589518181023,0.5272891294542175,-0.003056824614242751,0.0026622958292590567,2.1783893606454985,0.005262197827316296,0.5629228687415426,1.0918440123435707e-05,0.013544295591377322,7.7310997196183,0.027622737984362145,0.6224627875507442,0.007458066011426834,0.04326557398628053,17.723083252377506,0.044990722199947396,0.627424447451511,0.0168642936421326,0.07045556162254697,19.948604352033872,0.037345505746593906,0.5908885881822282,0.009786719037822541,0.06729515940470701,15.601463834428909
train,thrust,False,1628,5/6,0.0027331102157988614,0.566953316953317,0.00080082492636598,0.0028943442070695456,2.4835061161951524,0.009446600734947404,0.5976658476658476,0.003061266725874657,0.009021543842834934,5.2770588877858815,0.01736945524566569,0.6013513513513513,0.005204955808542551,0.0169148388836359,6.941782158898558,0.029514663119932824,0.60995085995086,0.01427033765863373,0.026413395179004793,7.486296039741132,0.04408444536909074,0.6326781326781327,0.01715685801202863,0.03895384755386862,8.605644243742491
train,thrust,True,1420,5/6,0.008951172122954012,0.5795774647887324,0.003150220359833745,0.012764720959208591,7.746130621605784,0.019547671123859283,0.6084507042253521,0.006594273751741132,0.028258813070685836,11.388369927993914,0.031570935097714754,0.6267605633802817,0.0039043090694232735,0.0468019859370924,13.97382324686165,0.04610095388901954,0.6246478873239436,0.012595851454755853,0.07234265203082473,15.75160499346573,0.0510125482775515,0.6140845070422535,0.010871807826013238,0.07857824346826851,13.396242040337004
test,base_breakout,False,727,3/4,0.002131178355474024,0.49931224209078406,0.00010401193356786551,0.0009177160402833321,0.4085422217232279,0.011110653781341497,0.547455295735901,0.005558828974037101,0.0073609601238501954,2.4268428426828415,0.016652067584646515,0.547455295735901,0.005725727530186448,0.0066303905132459075,1.467734995135859,0.028987237836329303,0.5419532324621733,0.006604460809695921,0.008216969818645281,0.9979920809968305,0.051275194776501824,0.5749656121045392,0.0074477535533861,0.033130922668391016,3.227149307161413
test,base_breakout,True,85,2/4,-0.0015251888816692398,0.4823529411764706,-0.002240258077913384,0.0021519117343172514,0.3378715766695212,0.007037608358469618,0.5058823529411764,0.0011060520641787348,0.012661940056153115,1.336441510736054,-0.00029971185839282143,0.43529411764705883,-0.009207351215754852,0.007970404487787143,0.5721686665060363,-0.000701833970935344,0.4588235294117647,-0.02223734390997315,0.03071982789545824,1.6060469663434453,-0.004303383044507781,0.43529411764705883,-0.036782760728939476,0.054997551923245874,2.260344204432767
test,golden_20_50,False,2725,3/4,0.0032298390756207067,0.5266055045871559,0.0011931134817676054,0.001104898741516603,1.2652331257486236,0.00818377649088081,0.5541284403669725,0.002889800245600012,0.0035222226244758497,2.8161116071439887,0.01748713595955522,0.5625688073394496,0.005881152588967308,0.009168845520658879,4.928994644648447,0.03184379956560078,0.6077064220183486,0.006388229801892933,0.01951772280718494,6.663178935209888,0.04763891374377406,0.6110091743119266,0.0014965378564639348,0.027323082209525812,7.341011255938695
test,golden_20_50,True,765,4/4,0.00011589316781944508,0.48366013071895425,-0.002235812847168477,0.0033132979671856295,1.7283129650854023,0.002813513729446582,0.5176470588235295,-0.004310846416349342,0.007692851630670396,2.927118740344787,0.015588846187950464,0.5816993464052288,-0.0002525476422393906,0.02677057450660944,6.444054418527688,0.03044759387007706,0.5882352941176471,-0.0018716134103510705,0.0645112289414966,10.277106787770895,0.04076426092352182,0.5633986928104575,-0.006429560928986013,0.09867240377244638,9.871916470057547
test,higher_high,False,4672,3/4,0.0014127050743704653,0.5201198630136986,-0.00025635099469122595,-0.0020393911468716,-2.8138516765980612,0.0068842074452402655,0.5404537671232876,0.0011938520916853033,-0.0010814763738961216,-1.0423968022714762,0.017977556909775087,0.5674229452054794,0.003361205093876414,0.0006080526542864725,0.37051639316803187,0.03138212633904114,0.5779109589041096,0.0039095060844479895,-0.005389199750159215,-2.1205033538367695,0.046151296901598256,0.582833904109589,0.0016958523601969865,-0.012924318245192917,-3.718315148329994
test,higher_high,True,941,4/4,0.0029637103129264127,0.5228480340063762,-0.0010659976405496987,0.006009040715234745,3.5110857363655756,0.010945208146013413,0.5579171094580234,-0.0001660231624596659,0.016939784588773057,6.686139655905187,0.02423970336156905,0.6131774707757705,0.0004405028487648229,0.038454629696587576,9.984330364357374,0.042247006009266,0.6301806588735388,0.00023426386103658423,0.07489381414836986,13.673563697254439,0.05804092953614969,0.5972369819341127,-0.00371077962185687,0.10977590173436855,15.336932380299363
test,ma50_cross,False,3286,4/4,0.0021741592486500903,0.5143031040779062,-0.00031639637469714396,0.00040058314488969517,0.49343222583884744,0.006262731279145688,0.5435179549604382,-0.0007246054680552148,0.0018874067770658519,1.5731104935481623,0.01742901485318644,0.5715155203895314,0.0016968235713511442,0.007896961127042792,4.4244897895181,0.0330229757154061,0.5919050517346318,0.005041968304415719,0.011503597907149991,4.381597526813451,0.052033415640381366,0.6232501521606817,0.007887001029690565,0.016568946529107544,4.645720565583294
test,ma50_cross,True,1083,4/4,0.001096751947571294,0.4995383194829178,-0.002300840699679406,0.004721411229812336,2.8343008337557296,0.006082659666472168,0.5355493998153278,-0.0027577295060134347,0.014629238185102538,6.183640800154615,0.018647315888317192,0.579870729455217,-0.0011483516998825219,0.035134945889660506,9.810921043599564,0.03738042683183517,0.6001846722068329,0.0032168532498392894,0.07065485168435277,13.64892148792121,0.049918972953638514,0.577100646352724,0.0003705689602587172,0.10319505634456812,13.210162059768097
test,rsi_turn,False,3311,2/4,1.4624726628347104e-05,0.49441256418000606,-0.003181208898716035,-0.001966690881127062,-2.5510445713692733,0.0013664597610506474,0.5134400483237692,-0.004881218280528072,-0.003587211329667637,-3.0068602196655685,0.01045214750952568,0.5421322863183329,-0.006734980090995509,-0.001287568377732287,-0.7190932105285327,0.027541345126888786,0.570522500755059,-0.004303645738203324,-0.00137823136606809,-0.5357073671768172,0.050747506963949286,0.6188462700090607,0.0022301988692141578,0.008244085981815774,2.420287684718435
test,rsi_turn,True,1344,4/4,0.0043272517146572724,0.5215773809523809,-0.0002636772495393993,0.008173721645472656,5.887308073215064,0.010593237773690782,0.5386904761904762,-0.00042413815475595047,0.01776395560271878,8.74759342365771,0.023651468451374204,0.5848214285714286,0.0002780916824118091,0.037458040163441855,11.59489807622834,0.044278139325405017,0.6108630952380952,0.002786025930263877,0.07262378060463608,15.586744711826874,0.05941195585909972,0.6212797619047619,-0.00045918417174998165,0.1031364190747173,17.390733342009863
test,thrust,False,1029,3/4,0.001719774176454103,0.532555879494655,-0.0012758900155558717,0.0007414023332972656,0.5184461223474515,0.007800040463771749,0.5675413022351797,0.0038309008619946154,0.007649126982540984,3.426706562098383,0.019246588600478273,0.564625850340136,0.0055942502862047095,0.01638900215040259,5.077077457831925,0.03510168790593629,0.6171039844509232,0.006144025193836981,0.03136370324840033,7.0306157990586415,0.05355612784883764,0.6180758017492711,0.002433198615298136,0.04760292245418325,7.325419822156912
test,thrust,True,677,4/4,0.007266159670231415,0.5539143279172821,0.003453201931788226,0.011281208774176966,4.6735883124082,0.006804597718273459,0.5539143279172821,0.0002816325389975873,0.014599233990279147,4.426278135750131,0.022304747666198648,0.5612998522895125,0.0016959569850466395,0.03647184951296554,6.623415112592385,0.03581391154199752,0.5745937961595273,-0.0006276973853937693,0.06888454113205096,10.020770684475142,0.052327026383065134,0.5760709010339734,-0.007420327370683533,0.10343591920735683,11.088410953346354
