period,rule,n,years_pos,net_5,hit_5,xspy_5,xloc_5,t_5,net_10,hit_10,xspy_10,xloc_10,t_10,net_20,hit_20,xspy_20,xloc_20,t_20,net_40,hit_40,xspy_40,xloc_40,t_40,net_60,hit_60,xspy_60,xloc_60,t_60
all,base_breakout,1782,5/10,-6.854623081576324e-05,0.5011223344556678,-0.0009109265358304966,-0.0010208939392737635,-0.7384189977205166,0.0035609909723257676,0.521324354657688,0.00011505759433323248,0.00031426700308286666,0.16953876276967134,0.007092672841190134,0.5286195286195287,-0.001291660563511115,-0.001400841646912685,-0.5097682227167479,0.01952379846059273,0.5561167227833894,0.002966018569385,0.005716342767034819,1.310828902721442,0.03867100139248929,0.5830527497194163,0.005049253521262327,0.026070613294080572,4.661443563663999
all,golden_20_50,8691,8/10,0.0030431229988792463,0.5334253825796801,0.0006115797097040357,0.0025097367815962424,4.798258820122565,0.008320903497558726,0.5595443562305834,0.002149536427992815,0.0064402718989975015,8.57844483837568,0.016167885364455188,0.5735818662984696,0.005715931328175782,0.013110976305348535,12.029865419390472,0.022496949560757044,0.5788746979634104,0.004489651350981197,0.02163151776952908,13.556460500167415,0.038765310154059235,0.5955586238637671,0.005228087708351306,0.03760043025029196,17.950712456984704
all,higher_high,13527,7/10,0.0009150131375348703,0.519109928291565,-0.0006470623546490316,-0.0009231868815173949,-2.13921561506729,0.00459094406002904,0.5395874916833001,0.0002780022551643568,-1.8221963309513166e-05,-0.029487562547034184,0.012695642920750597,0.5613957270643898,0.0015109075980677064,0.002023386630409401,2.1775132881033517,0.026451025115936763,0.5843128557699416,0.004624410815777692,0.0044769524967907415,3.15922253644965,0.03803572429421246,0.5895616175057293,0.0032394323944398163,0.003817217478665088,2.0607745765260117
all,ma50_cross,10577,9/10,0.0009461583102054336,0.518672591472062,-0.0003337323287915742,0.0008063404263674266,1.68482849449015,0.005895771961413317,0.5525196180391415,0.0009192586962513047,0.005606458323437575,7.973058106740625,0.017217582420697996,0.5829630329961236,0.0035083975250359916,0.01589436026274979,15.449552054900494,0.026330423168555894,0.5889193533137941,0.005132290967636976,0.021507907723958285,14.754585366520505,0.039938127574366496,0.6018719863855536,0.0067858294377987245,0.030298783397862152,15.5470900377623
all,rsi_turn,11498,8/10,9.2518030771679e-05,0.5147851800313098,-0.0017788299259096122,0.000122927786776672,0.2697231446169898,0.0027874181854200984,0.5353974604279005,-0.0013078392431374276,0.0021224491458733574,3.061095537330774,0.015128148144710748,0.5774047660462689,0.0013888714957428037,0.012342382172888747,12.11670054746565,0.031233185340110204,0.5931466341972517,0.006042372812625062,0.02189754954511351,14.94819000749911,0.042447209060106926,0.6045399199860846,0.006457550764117171,0.026344936771111285,14.396711809977969
all,thrust,4754,9/10,0.005016618756885398,0.5614219604543542,0.001430791496192968,0.006570925004683659,8.340263446267283,0.011731113438129326,0.5881363062684055,0.0038873103014493426,0.01526487610705991,13.083013663072464,0.022720499541145838,0.5952881783761044,0.004401016692946896,0.028513231608387125,16.92670764021524,0.03657527998544366,0.6108540176693311,0.00988966545405042,0.047251926424946016,20.476079805260568,0.04937777619537061,0.6159023979806478,0.008592665482059409,0.061844235181189436,20.251451816587505
train,base_breakout,970,2/6,-0.0015895618482488862,0.5041237113402062,-0.0015551194081764386,-0.0027518815035966955,-1.5135949515293525,-0.0024020165946604835,0.5030927835051546,-0.004051804594307572,-0.006049133108575709,-2.5426091166554903,0.000575840594769269,0.522680412371134,-0.005857441428127001,-0.008241317628237203,-2.3348606512162084,0.014203446224014798,0.5752577319587628,0.0024476044477761364,0.0016511344140071943,0.3421472922037512,0.03299014993575491,0.6020618556701031,0.00691730680777075,0.01824418576974784,2.8232400991771183
train,golden_20_50,5201,4/6,0.0033758531491657816,0.5443184003076331,0.0007257069500682437,0.003127590915847567,4.538129396075453,0.009202815488676417,0.5685445106710248,0.0027119232714733262,0.007784909618347962,7.8080643334387405,0.015561849428746393,0.5781580465295135,0.006507251935118813,0.013167256590738788,9.339904198476313,0.01643034522316254,0.562391847721592,0.004430574493393175,0.016431962342848175,8.37877853995961,0.03382207479151132,0.5921938088829072,0.008897877086154828,0.034002220995656245,13.68588307817627
train,higher_high,7914,3/6,0.00037760591350917633,0.5180692443770534,-0.0008279045797804874,-0.0010885040208665126,-1.9275707142860554,0.002481582290934002,0.5368966388678291,-0.00020987018838399498,-0.0014068951449179362,-1.751402781004687,0.008204859115906958,0.5516805660854183,0.0005458660222117208,-0.0014728680308020406,-1.2662176852740843,0.02166177531369182,0.5826383623957544,0.005568454686030881,0.0019286073468809952,1.0935934480032614,0.030866043556991168,0.5926206722264342,0.004977081551290675,0.0011016922091740139,0.49768101527713887
train,ma50_cross,6208,5/6,0.00026988511545730716,0.5243234536082474,2.580739979272467e-07,0.0003381214744996733,0.5376945308610592,0.005668931158796162,0.5602448453608248,0.002430843082038021,0.006000970693153157,6.476816790368331,0.016856247317832557,0.5895618556701031,0.005279675138179542,0.016770954870673253,12.590940180541729,0.020860242492608535,0.5853737113402062,0.005514252842591865,0.018229560711864986,9.967805154373586,0.03179470422857455,0.5948775773195877,0.007322117654006721,0.024849295696419676,10.657646944467947
train,rsi_turn,6843,4/6,-0.0007015163607413512,0.5233084904281747,-0.0013978695895190672,-0.00044722266429130073,-0.7344216788681385,0.0019418492560691486,0.5453748355984217,0.0002475843620088124,0.0018130090109202647,1.9597052138707367,0.01571661747262863,0.5930147596083589,0.005537777044888998,0.014004419573707521,10.601107104648195,0.03045739472046091,0.6006137658921525,0.011687878823393179,0.02319669554144902,12.293943635205013,0.035099129846681766,0.5943299722344001,0.009861445821523183,0.020020834001465072,8.792780628688275
train,thrust,3048,5/6,0.005629976327400014,0.5728346456692913,0.001895359544320122,0.007492748074535899,7.551542803806412,0.014152479984374853,0.6026902887139107,0.004707221442649722,0.01798378869308043,12.12561742157059,0.023985630242355213,0.6131889763779528,0.004599011461577533,0.03083864098859267,15.047565735429595,0.037241872074034905,0.6167979002624672,0.01349022925656464,0.04781088360734611,16.59640875903505,0.047312104860565245,0.6240157480314961,0.014228783450302297,0.05741403200217828,15.662828219796939
test,base_breakout,812,3/4,0.0017484305535563178,0.4975369458128079,-0.00014138578930886623,0.0010469114023435335,0.49438592937408393,0.010684288189045795,0.5431034482758621,0.005092713164507592,0.0079158656586356,2.73938266444311,0.014877558652801265,0.5357142857142857,0.0041625357895398825,0.006770662912058722,1.5758453442213234,0.02587939164960825,0.5332512315270936,0.0035853063747551955,0.010572564568065353,1.3839775607820612,0.04545724020164244,0.5603448275862069,0.0028177120336845296,0.035419917110093804,3.7140747120190083
test,golden_20_50,3490,4/4,0.0025472692706155586,0.5171919770773639,0.0004415006904678624,0.001588974789550072,1.9838445525174724,0.007006627203632333,0.5461318051575931,0.001311435003081027,0.00443641494245259,3.912091900204811,0.01707103519300002,0.5667621776504298,0.004536659558344636,0.013027104166576407,7.58085261988935,0.031537754477613485,0.6034383954154727,0.004577691103507069,0.029380196214849247,10.933355682408498,0.04613200560409125,0.6005730659025788,-0.00024084482859887567,0.04296268994466456,11.697322613617372
test,higher_high,5613,4/4,0.0016727257281173294,0.5205772314270444,-0.0003920854493060171,-0.0006900994343752398,-1.0312935327835,0.007565020140666513,0.5433814359522537,0.0009658737175270248,0.0019397255797599794,2.0070584481047358,0.019027384063015445,0.5750935328701229,0.002871559483213665,0.006952900150599558,4.566798056506383,0.03320358576709772,0.5866737929805808,0.0032933644610326817,0.008069969335626611,3.4481190887366857,0.04814455261318081,0.5852485301977552,0.0007894492433053622,0.007645948457242029,2.3960481279662065
test,ma50_cross,4369,4/4,0.0019070884985772276,0.5106431677729457,-0.0008083060116748939,0.0014716421551829479,1.9953115885093315,0.006218094621666762,0.541542687113756,-0.0012285819691100904,0.005045887760106302,4.675245618847916,0.017731010738067786,0.5735866330968185,0.0009915535281499399,0.01464878934812656,9.048204114445818,0.03410311294568595,0.5939574273289082,0.004589553654814832,0.026166176950571968,10.965911903822501,0.05150928164410246,0.6118104829480431,0.006023806721795236,0.03804207011119585,11.335798426203024
test,rsi_turn,4655,4/4,0.0012597741727960968,0.5022556390977444,-0.002338853896246991,0.0009610673220415783,1.4081747092549297,0.004030431758685093,0.5207303974221268,-0.00359436206376379,0.002577336115472502,2.4758146462515747,0.014263079270179687,0.5544575725026852,-0.004710153353410237,0.009899133637163103,6.189828221071659,0.032373622549618286,0.5821697099892589,-0.0022567029406909893,0.01998776306757883,8.602375126642173,0.053249122284052874,0.6195488721804512,0.001453715344604962,0.03564157162668358,11.752563238700528
test,thrust,1706,4/4,0.003920772405813563,0.541031652989449,0.0006007777736305024,0.0049239632714423755,3.8034048131539,0.007405014239444467,0.5621336459554513,0.002422428028073755,0.010407170619257711,5.538785622398349,0.020460172239102358,0.563305978898007,0.00404727222941455,0.024358572879860454,8.29808309883175,0.035384322959637025,0.6002344665885111,0.0034567706884798778,0.04625327373329569,11.994736726029721,0.05306837773610142,0.6014067995310668,-0.001477022423687555,0.06975939302973924,12.846862344441814
