rule,kind,hold,period,n,net_ret,hit,avg_bars,early_exit,per_bar_bp,rand_net,rand_hit,rand_avg_bars,rand_per_bar_bp,excess,excess_lo,excess_hi,excess_bar_bp,profit_factor
time 5,time,5,train,433,-0.0030701040270889536,0.5242494226327945,5.0,0.0,-6.140208054177908,-0.0020051156237493226,0.4972286374133949,5.0,-4.010231247498645,-0.0010649884033396319,-0.009486943618487646,0.008144237503031414,-2.129976806679263,0.8956109667876035
time 5,time,5,test,265,0.0053540130341095905,0.539622641509434,5.0,0.0,10.708026068219183,-0.004524601588378056,0.4652830188679245,5.0,-9.049203176756114,0.009878614622487646,0.003812832894818103,0.016112608010678577,19.7572292449753,1.3594863501232033
time 5,time,5,all,698,0.0001281639116182301,0.5300859598853869,5.0,0.0,0.2563278232364602,-0.002961653991409229,0.4851002865329513,5.0,-5.923307982818457,0.003089817903027459,-0.0025021495698825517,0.008015662332097797,6.179635806054917,1.0053627628588249
time 10,time,10,train,433,0.0015080642782669255,0.5635103926096998,10.0,0.0,1.5080642782669256,-0.0026225669858518795,0.49676674364896073,10.0,-2.6225669858518796,0.004130631264118805,-0.0069185259535769605,0.014938868376020853,4.130631264118805,1.0418219546500878
time 10,time,10,test,265,0.012030295080193258,0.5924528301886792,10.0,0.0,12.030295080193259,-0.006880517372844239,0.4539622641509434,10.0,-6.880517372844239,0.0189108124530375,0.011695740049173108,0.027154791699769244,18.910812453037497,1.6564703203847269
time 10,time,10,all,698,0.005502894023983943,0.5744985673352435,10.0,0.0,5.502894023983942,-0.00423912408119998,0.48051575931232093,10.0,-4.23912408119998,0.009742018105183922,0.002734795763505915,0.016721854673645543,9.742018105183924,1.1876420626115556
time 20,time,20,train,433,0.023408548865985132,0.6004618937644342,20.0,0.0,11.704274432992566,-0.005270616455070181,0.49607390300230947,20.0,-2.6353082275350905,0.02867916532105531,0.013892981394455686,0.04299959838617902,14.339582660527658,1.6047248327812018
time 20,time,20,test,265,0.01843086570933893,0.5886792452830188,20.0,0.0,9.215432854669466,-0.01126901239326564,0.43924528301886795,20.0,-5.63450619663282,0.02969987810260457,0.017984026152260142,0.04082737287380047,14.849939051302286,1.7073642488590142
time 20,time,20,all,698,0.021518740790754123,0.5959885386819485,20.0,0.0,10.759370395377061,-0.007547944425875048,0.47449856733524354,20.0,-3.7739722129375237,0.02906668521662917,0.019948196796943214,0.03807725027170815,14.533342608314586,1.6346708413378885
time 40,time,40,train,433,0.04795175293718517,0.6120092378752887,40.0,0.0,11.987938234296292,-0.011587351738356712,0.46720554272517323,40.0,-2.896837934589178,0.059539104675541875,0.04281751288770491,0.07992464207034576,14.88477616888547,2.221411981119147
time 40,time,40,test,265,0.02933460831930616,0.6037735849056604,40.0,0.0,7.33365207982654,-0.025039892316642973,0.39962264150943394,40.0,-6.259973079160743,0.05437450063594915,0.03667087027873689,0.07123075513014762,13.593625158987283,1.7640319329264922
time 40,time,40,all,698,0.04088363929286148,0.6088825214899714,40.0,0.0,10.220909823215369,-0.016694691642720406,0.44154727793696275,40.0,-4.173672910680101,0.05757833093558189,0.04552855233234371,0.07054308040120673,14.394582733895469,2.050157704512769
time 60,time,60,train,433,0.09796564971157562,0.6951501154734411,60.0,0.0,16.327608285262603,-0.021749130404836697,0.43348729792147805,60.0,-3.6248550674727826,0.11971478011641232,0.0968358408799802,0.14402984558634663,19.952463352735386,3.5090929065834215
time 60,time,60,test,265,0.04370674333669754,0.6113207547169811,60.0,0.0,7.2844572227829225,-0.03705123547351448,0.3709433962264151,60.0,-6.175205912252412,0.080757978810212,0.05773538709060407,0.10125576956727428,13.459663135035335,1.9940835291385122
time 60,time,60,all,698,0.07736592164661474,0.663323782234957,60.0,0.0,12.89432027443579,-0.027558668862142727,0.40974212034383956,60.0,-4.593111477023788,0.10492459050875748,0.08816253120417045,0.12189769698198044,17.487431751459578,2.8909791828109332
take 2% / time 20,target,20,train,433,0.002316791241650212,0.8637413394919169,5.5704387990762125,0.8545034642032333,4.159082121204568,-0.003602604290764195,0.7986143187066974,7.687759815242495,-4.686156146061332,0.005919395532414409,-0.00030684350476721555,0.011819647313678596,8.8452382672659,1.1564246482477716
take 2% / time 20,target,20,test,265,0.008624460666183841,0.8679245283018868,5.977358490566037,0.8528301886792453,14.42854846299696,-0.004331457634273013,0.7588679245283019,8.305283018867925,-5.215304071435996,0.012955918300456856,0.00787319457642133,0.017973598879889523,19.643852534432956,1.9928163477326366
take 2% / time 20,target,20,all,698,0.004711536796809829,0.8653295128939829,5.724928366762177,0.8538681948424068,8.229861572005156,-0.0038793179526980586,0.7835243553008596,7.922206303724928,-4.896764618303425,0.008590854749507888,0.004311473711340556,0.013169661860876383,13.126626190308581,1.3773492680554755
take 3% / time 20,target,20,train,433,0.004563699805274716,0.8198614318706697,7.725173210161663,0.7944572748267898,5.9075695536142065,-0.0028521864533113594,0.7348729792147806,9.943879907621247,-2.8682832856070295,0.0074158862585860744,0.0004075329141600223,0.01425289768602669,8.775852839221237,1.228299763399164
take 3% / time 20,target,20,test,265,0.010232508587154344,0.7962264150943397,8.132075471698114,0.7584905660377359,12.582899190700237,-0.005263697622619167,0.6728301886792453,10.806792452830189,-4.870730742349602,0.015496206209773513,0.009436455611554899,0.021988763046188447,17.45362993304984,1.7691446709964436
take 3% / time 20,target,20,all,698,0.006715897981776294,0.8108882521489972,7.8796561604584525,0.7808022922636103,8.52308507505428,-0.0037677315247534346,0.7113180515759312,10.271489971346705,-3.66814506489699,0.01048362950652973,0.004878000638065021,0.015690346800248625,12.19123013995127,1.3848323495979964
take 5% / time 20,target,20,train,433,0.010350254084882451,0.7413394919168591,10.92609699769053,0.6558891454965358,9.472965586036992,-0.0038500041437542548,0.6304849884526559,13.445496535796767,-2.8634153699747373,0.014200258228636709,0.006225271476672364,0.022481764071076656,12.336380956011729,1.4171961563903615
take 5% / time 20,target,20,test,265,0.013123377017200658,0.6981132075471698,11.773584905660377,0.6150943396226415,11.146458043455688,-0.006397460383158893,0.5626415094339623,14.229056603773586,-4.496053787193643,0.019520837400359554,0.011252658064829998,0.02793133394784588,15.64251183064933,1.6772598522138105
take 5% / time 20,target,20,all,698,0.011403087289845666,0.7249283667621776,11.24785100286533,0.6404011461318052,10.138014174388326,-0.004817161598542549,0.604727793696275,13.74297994269341,-3.505179821719554,0.016220248888388217,0.009927876053661876,0.022891752925018924,13.643193996107879,1.5013046232537286
take 8% / time 20,target,20,train,433,0.016762750227611145,0.6882217090069284,13.870669745958429,0.49191685912240185,12.085033047878165,-0.004552160655918682,0.5545034642032333,16.423325635103925,-2.7717654493732358,0.021314910883529825,0.010621748755124588,0.030722055855098945,14.8567984972514,1.5615138320053932
take 8% / time 20,target,20,test,265,0.019028676851391636,0.630188679245283,15.543396226415094,0.4339622641509434,12.24229027826847,-0.008469835928935666,0.48188679245283017,17.032075471698114,-4.9728736483171625,0.0274985127803273,0.017960091371450982,0.03720871278781607,17.21516392658563,1.834793247288445
take 8% / time 20,target,20,all,698,0.01762302322947623,0.666189111747851,14.505730659025788,0.4699140401146132,12.149007618937688,-0.006039530207995331,0.5269340974212035,16.654441260744985,-3.62637816150019,0.02366255343747156,0.016312598572426795,0.03028659965185504,15.775385780437878,1.64854776004429
take 5% / time 60,target,60,train,433,0.025218306408354135,0.8683602771362586,19.92378752886836,0.8452655889145496,12.657385736429049,-0.008820351886429448,0.7288683602771363,27.67852193995381,-3.186713476089673,0.03403865829478359,0.026612316120104496,0.04148695541115648,15.844099212518723,2.382570513807277
take 5% / time 60,target,60,test,265,0.023142666504825223,0.8377358490566038,22.335849056603774,0.8226415094339623,10.361220854500226,-0.014981153880829405,0.6679245283018868,30.71622641509434,-4.877276810756766,0.03812382038565463,0.02720493284521438,0.049185874425423805,15.238497665256993,2.1320522714726016
take 5% / time 60,target,60,all,698,0.024430276932085996,0.8567335243553008,20.839541547277936,0.836676217765043,11.723039528802436,-0.011159338316968113,0.705730659025788,28.831805157593124,-3.870495883269105,0.03558961524905411,0.028607990939392192,0.04246859150894554,15.593535412071542,2.280646264618891
take 8% / time 60,target,60,train,433,0.03811951798623936,0.8083140877598153,27.986143187066975,0.7505773672055427,13.6208543390342,-0.014045481196844753,0.6115473441108545,37.59838337182448,-3.7356609346587417,0.052164999183084114,0.041649320867892324,0.06255548979447058,17.356515273692942,2.486302045539632
take 8% / time 60,target,60,test,265,0.029815571363189578,0.7433962264150943,32.12075471698113,0.6943396226415094,9.282338359075702,-0.01904238466017794,0.5528301886792453,40.2766037735849,-4.727902274785825,0.048857956023367524,0.035058226378258506,0.06255172198252569,14.010240633861526,2.0197778786804883
take 8% / time 60,target,60,all,698,0.03496687349468035,0.7836676217765043,29.555873925501434,0.7292263610315186,11.83076960702224,-0.015942586379915375,0.5892550143266476,38.61518624641834,-4.1285794345726075,0.050909459874595726,0.04185630331863842,0.0593003466864921,15.959349041594848,2.2945791603532864
rising 2% +0.25%/bar / time 20,rising,20,train,433,0.0036057416917212623,0.8290993071593533,6.704387990762124,0.7806004618937644,5.378181717241842,-0.003379876697201274,0.7337182448036952,9.547806004618938,-3.539951163195181,0.006985618388922537,0.0008047483736418216,0.013205537536094119,8.918132880437023,1.2147447349790779
rising 2% +0.25%/bar / time 20,rising,20,test,265,0.007947486653624818,0.7886792452830189,7.558490566037736,0.7358490566037735,10.514647844286452,-0.005816244965688605,0.6762264150943397,10.242641509433962,-5.678461908806987,0.013763731619313423,0.007494415749956113,0.01973270399574485,16.193109753093438,1.6720607369508051
rising 2% +0.25%/bar / time 20,rising,20,all,698,0.005254111913647397,0.8137535816618912,7.02865329512894,0.7636103151862464,7.475275409143666,-0.0043048589194779815,0.7118911174785101,9.81160458452722,-4.387517742272952,0.00955897083312538,0.005260439826048895,0.014215194167479427,11.862793151416618,1.3524894458011325
rising 2% +0.5%/bar / time 20,rising,20,train,433,0.0053077699352831525,0.8106235565819861,7.658198614318707,0.7066974595842956,6.930833480028967,-0.00399793592588887,0.6900692840646652,11.071131639722864,-3.6111357501562034,0.009305705861172024,0.0029149095455177597,0.016059709908862324,10.54196923018517,1.2957365458461205
rising 2% +0.5%/bar / time 20,rising,20,test,265,0.009829763129011826,0.769811320754717,8.932075471698113,0.6377358490566037,11.00501575491396,-0.005995721183181466,0.6339622641509434,11.676981132075472,-5.134650056693022,0.015825484312193293,0.008774058441694864,0.02281307114515551,16.13966581160698,1.73875016748454
rising 2% +0.5%/bar / time 20,rising,20,all,698,0.007024572508833439,0.7951289398280802,8.141833810888253,0.6805157593123209,8.627752263180962,-0.004756407406093079,0.6687679083094555,11.301146131805158,-4.208783207135936,0.011780979914926517,0.007018822434438349,0.016892392814185492,12.8365354703169,1.4340072040624687
rising 3% +0.5%/bar / time 20,rising,20,train,433,0.008821693083583937,0.766743648960739,10.394919168591224,0.5773672055427251,8.486543224154287,-0.003257100052231623,0.6288683602771362,13.485912240184758,-2.415187044244773,0.01207879313581556,0.003907582327592759,0.019756067474132954,10.90173026839906,1.3837892185095761
rising 3% +0.5%/bar / time 20,rising,20,test,265,0.013228345370981035,0.7094339622641509,11.550943396226415,0.5132075471698113,11.45217746916032,-0.007753578957057845,0.5520754716981132,14.318490566037736,-5.4150812345043455,0.02098192432803888,0.012380521430675978,0.028927798787022816,16.867258703664668,1.7712476249606615
rising 3% +0.5%/bar / time 20,rising,20,all,698,0.010494705771492578,0.7449856733524355,10.833810888252149,0.5530085959885387,9.686993690163739,-0.004964215968820375,0.5997134670487106,13.802005730659026,-3.5967351888523966,0.015458921740312956,0.009430513031938384,0.02136930644890054,13.283728879016135,1.5052600182921005
rising 2% +0.5%/bar / time 60,rising,60,train,433,0.02173906762782003,0.8752886836027713,18.74826789838337,0.7321016166281755,11.595240555365944,-0.016631005902739544,0.684526558891455,29.052886836027714,-5.724390142915462,0.03837007353055956,0.029490771790613317,0.047564546215465374,17.319630698281408,2.4444527672262337
rising 2% +0.5%/bar / time 60,rising,60,test,265,0.01504803001053078,0.8150943396226416,23.181132075471698,0.6528301886792452,6.4914991906082635,-0.016636903327921674,0.6490566037735849,31.105283018867926,-5.348578027028405,0.03168493333845245,0.02106522695215439,0.04315006863946776,11.840077217636669,1.7130584659812087
rising 2% +0.5%/bar / time 60,rising,60,all,698,0.019198773976556914,0.8524355300859598,20.431232091690543,0.7020057306590258,9.396777389830113,-0.016633244896540784,0.6710601719197707,29.832091690544413,-5.5756214043190475,0.03583201887309769,0.029263658537986636,0.04260915535432656,14.97239879414916,2.1066678049246277
per-day 0.5% / time 20,perday,20,train,433,0.008617710417050025,0.8429561200923787,6.699769053117783,0.7551963048498845,12.862697726930925,-0.002520081746695129,0.7489607390300231,8.775519630484988,-2.8717179754697373,0.011137792163745155,0.0031575517332375195,0.01895736402530148,15.734415702400662,1.4841740096076388
per-day 0.5% / time 20,perday,20,test,265,0.010671345714566292,0.8264150943396227,7.003773584905661,0.7358490566037735,15.236565810129672,-0.00700312024219648,0.6909433962264151,9.461132075471697,-7.401989726316477,0.01767446595676277,0.010807845829821467,0.025107263873075394,22.638555536446148,1.8840727011334535
per-day 0.5% / time 20,perday,20,all,698,0.009397385709087004,0.836676217765043,6.815186246418338,0.7478510028653295,13.788890529625245,-0.00422209492908461,0.7269340974212034,9.035816618911175,-4.672621310450385,0.013619480638171616,0.00841607647763656,0.018811569928934048,18.46151184007563,1.601468455047967
per-day 1% / time 20,perday,20,train,433,0.012091700509440232,0.7621247113163973,10.4364896073903,0.5450346420323325,11.585984334117327,-0.002897671893665768,0.6503464203233257,12.603695150115474,-2.299065360716234,0.014989372403105999,0.005630197018981921,0.024345908455501872,13.885049694833562,1.5045179366266592
per-day 1% / time 20,perday,20,test,265,0.013919787004501905,0.7433962264150943,10.637735849056604,0.5169811320754717,13.08529108262861,-0.009269805290340863,0.5792452830188679,13.319622641509435,-6.959510445477884,0.02318959229484277,0.014467051614426832,0.03215726545610884,20.044801528106493,1.837694491478407
per-day 1% / time 20,perday,20,all,698,0.012785744809141296,0.7550143266475645,10.512893982808023,0.5343839541547278,12.161964945190276,-0.005316891592976513,0.623352435530086,12.875501432664757,-4.129463711205624,0.01810263640211781,0.011458411194403738,0.02425759008765939,16.2914286563959,1.6037748597621966
per-day 2% / time 20,perday,20,train,433,0.018752224794356117,0.6789838337182448,14.71593533487298,0.2956120092378753,12.742801845505648,-0.003945103734632962,0.5586605080831408,16.89030023094688,-2.3357214973625116,0.02269732852898908,0.011167042089585508,0.03336070451006688,15.07852334286816,1.615272435009296
per-day 2% / time 20,perday,20,test,265,0.01623968475913731,0.6528301886792452,15.335849056603774,0.2528301886792453,10.589361370992588,-0.010600134887949341,0.48339622641509433,17.587169811320756,-6.027197668340075,0.026839819647086652,0.016455422680515763,0.03744873757147947,16.616559039332664,1.7381122529205015
per-day 2% / time 20,perday,20,all,698,0.0177983234915868,0.669054441260745,14.951289398280803,0.2793696275071633,11.904206398167483,-0.006471727310032446,0.5300859598853869,17.15487106017192,-3.7725304301806792,0.024270050801619245,0.016201837982135526,0.0317951302660302,15.676736828348162,1.6529134489475719
per-day 0.5% / time 60,perday,60,train,433,0.026886985327709126,0.9006928406466512,15.76905311778291,0.7829099307159353,17.050475464115483,-0.009185370278509497,0.7609699769053118,22.478060046189377,-4.0863714482632405,0.036072355606218624,0.027806451987474754,0.04473892569907221,21.136846912378722,2.9305544916997235
per-day 0.5% / time 60,perday,60,test,265,0.01683848520126666,0.8603773584905661,17.154716981132076,0.7547169811320755,9.815658993259271,-0.01437299078500952,0.7124528301886792,24.93622641509434,-5.7638996958694975,0.03121147598627618,0.021300771857581613,0.042121985965806234,15.579558689128769,2.0612115160139606
per-day 0.5% / time 60,perday,60,all,698,0.023072010351337702,0.8853868194842407,16.29512893982808,0.7722063037249284,14.158838777240826,-0.01115488236192283,0.7425501432664756,23.411318051575932,-4.764739147684144,0.034226892713260536,0.02715534985802451,0.04108956403536111,18.92357792492497,2.573413231873049
hybrid 2% day 1 then 6% / time 7,hybrid,7,train,433,-0.0008650270332119797,0.7043879907621247,4.348729792147806,0.49884526558891457,-1.9891487274603679,-0.0018981691144044702,0.5939953810623556,5.399769053117783,-3.5152783308546924,0.0010331420811924904,-0.005986294951760038,0.00757394405648158,1.5261296033943246,0.9564105785026848
hybrid 2% day 1 then 6% / time 7,hybrid,7,test,265,0.006975924436996701,0.6981132075471698,4.675471698113207,0.4377358490566038,14.92025807751514,-0.00489592742128014,0.5286792452830189,5.622264150943396,-8.708106360421754,0.01187185185827684,0.006740508925110027,0.01673459526333192,23.628364437936895,1.5998807031396594
hybrid 2% day 1 then 6% / time 7,hybrid,7,all,698,0.0021118384963085077,0.7020057306590258,4.472779369627507,0.47564469914040114,4.721535139088208,-0.003036286523175319,0.5691977077363897,5.484240687679083,-5.536384517179657,0.005148125019483827,0.0006272662225877386,0.00943344392731399,10.257919656267866,1.1262637090930028
hybrid 2% day 1 then 6% / time 10,hybrid,10,train,433,-0.0006192225930755678,0.7136258660508084,5.706697459584295,0.5658198614318707,-1.0850804645961993,-0.0028969803405527166,0.6032332563510393,7.307852193995381,-3.964202153586342,0.0022777577474771492,-0.0049793873768490165,0.009332656489590531,2.8791216889901428,0.9718590635801856
hybrid 2% day 1 then 6% / time 10,hybrid,10,test,265,0.009492339084569229,0.7018867924528301,6.241509433962264,0.4981132075471698,15.208403007320713,-0.0053096486941321555,0.5509433962264151,7.6569811320754715,-6.934389157483719,0.014801987778701382,0.00960617095306717,0.020321288710955735,22.142792164804433,1.775750508325318
hybrid 2% day 1 then 6% / time 10,hybrid,10,all,698,0.0032196940896978866,0.7091690544412608,5.909742120343839,0.5401146131805158,5.448112665719091,-0.003812964744132303,0.5833810888252149,7.440401146131805,-5.1246763033934375,0.00703265883383019,0.002349225400853821,0.012156384593142116,10.572788969112528,1.1759794594911284
hybrid 2% day 1 then 6% / time 20,hybrid,20,train,433,0.006581921164640566,0.7759815242494227,9.360277136258661,0.6766743648960739,7.031758855882963,-0.004717847119281879,0.6480369515011547,12.714549653579677,-3.7105892444673483,0.011299768283922445,0.0038737118407293028,0.018392893038772094,10.742348100350311,1.3198278407530315
hybrid 2% day 1 then 6% / time 20,hybrid,20,test,265,0.012885938975687124,0.7471698113207547,10.18867924528302,0.6566037735849056,12.647310476137363,-0.006428206567406566,0.5849056603773585,13.416981132075472,-4.791097568169709,0.01931414554309369,0.01202469352066503,0.02671418790082186,17.438408044307074,1.8695120444549636
hybrid 2% day 1 then 6% / time 20,hybrid,20,all,698,0.008975280362244202,0.7650429799426934,9.674785100286533,0.669054441260745,9.276981627197472,-0.005367195620360736,0.6240687679083095,12.981232091690545,-4.134581049356901,0.014342475982604937,0.009256322557513682,0.020046814024561457,13.411562676554372,1.4879774756558681
trail 3% / time 60,trail,60,train,433,0.0007321449499908639,0.40877598152424943,9.524249422632794,0.9976905311778291,0.7687166909457906,-0.00392786501176815,0.36628175519630485,10.727944572748267,-3.6613397702910717,0.004660009961759012,-0.00340720022891548,0.012692952698669678,4.4300564612368625,1.026756047577252
trail 3% / time 60,trail,60,test,265,0.01114494708345627,0.43018867924528303,11.358490566037736,1.0,9.811996601713991,-0.01040802691937456,0.3150943396226415,9.75509433962264,-10.669324721033068,0.02155297400283083,0.013267923014465308,0.030311140413836365,20.481321322747057,1.616303341851697
trail 3% / time 60,trail,60,all,698,0.004685429427595925,0.4169054441260745,10.220630372492836,0.998567335243553,4.584286151474567,-0.006388098400759122,0.3468481375358166,10.358595988538681,-6.1669539074863655,0.011073527828355047,0.0054184659391067315,0.016832746289246796,10.751240058960931,1.1965328250769665
trail 5% / time 60,trail,60,train,433,0.0015228945872988384,0.418013856812933,16.263279445727484,0.9630484988452656,0.9364006763709132,-0.0077115032296375665,0.3304849884526559,17.69214780600462,-4.358715128425687,0.009234397816936406,-0.0002239864925693282,0.019474519215135027,5.2951158047966,1.0453733054987693
trail 5% / time 60,trail,60,test,265,0.015665736434514927,0.4679245283018868,21.128301886792453,0.9471698113207547,7.4145743081737026,-0.016325142211500467,0.3026415094339623,17.56377358490566,-9.294780607699433,0.0319908786460154,0.020742727917636348,0.043063667031682594,16.709354915873135,1.673802256003965
trail 5% / time 60,trail,60,all,698,0.006892311620984031,0.4369627507163324,18.110315186246417,0.9570200573065902,3.8057380835747594,-0.010981724333066894,0.31991404011461316,17.643409742120344,-6.224264183385187,0.01787403595405092,0.010600198313919798,0.025344003010189166,10.030002266959947,1.2324719556850259
trail 8% / time 60,trail,60,train,433,0.0040522462646574225,0.4457274826789838,25.94919168591224,0.836027713625866,1.5616078965794444,-0.012133849502599006,0.3260969976905312,28.15565819861432,-4.30955988206881,0.016186095767256426,0.004464734882805376,0.028600506620655646,5.871167778648255,1.096149517499639
trail 8% / time 60,trail,60,test,265,0.020784435664795875,0.4641509433962264,33.53584905660377,0.7811320754716982,6.197676888906163,-0.02419049253496415,0.29509433962264153,28.51622641509434,-8.483062303839588,0.04497492819976003,0.029796887405667643,0.05980375355289911,14.680739192745751,1.6232558840467786
trail 8% / time 60,trail,60,all,698,0.01040472504837761,0.45272206303724927,28.82951289398281,0.8151862464183381,3.6090533636970488,-0.01671122830428491,0.31432664756446993,28.292550143266475,-5.90658255253181,0.02711595335266252,0.016990272591666234,0.03629267910658865,9.51563591622886,1.2681258035452194
trail 5% / time 20,trail,20,train,433,0.00043512125017651303,0.44803695150115475,11.200923787528868,0.7066974595842956,0.388469074899856,-0.0022979432493517664,0.4,12.777367205542726,-1.7984481563267087,0.0027330644995282793,-0.0063338504283974965,0.011064719202631936,2.186917231226565,1.013491409630143
trail 5% / time 20,trail,20,test,265,0.013998380936421152,0.5207547169811321,14.045283018867925,0.5735849056603773,9.966606523781852,-0.012272091714988359,0.3539622641509434,12.966037735849056,-9.464797160861218,0.026270472651409513,0.017173005934761582,0.03509127833235242,19.431403684643072,1.6452173613612835
trail 5% / time 20,trail,20,all,698,0.005584496345957071,0.47564469914040114,12.28080229226361,0.6561604584527221,4.547338368499807,-0.006084690159657923,0.3825214899713467,12.848997134670487,-4.735537019647693,0.011669186505614996,0.005745902462967697,0.01801881075339623,9.2828753881475,1.1977230726729104
