pattern,n,n_symbols,n_5,ret_5,med_5,hit_5,hit_lo_5,hit_hi_5,xspy_5,xrand_5,xrand_lo_5,xrand_hi_5,rand_hit_5,p_5,z_5,t_5,xloc_5,xloc_lo_5,xloc_hi_5,loc_hit_5,ploc_5,n_10,ret_10,med_10,hit_10,hit_lo_10,hit_hi_10,xspy_10,xrand_10,xrand_lo_10,xrand_hi_10,rand_hit_10,p_10,z_10,t_10,xloc_10,xloc_lo_10,xloc_hi_10,loc_hit_10,ploc_10,n_20,ret_20,med_20,hit_20,hit_lo_20,hit_hi_20,xspy_20,xrand_20,xrand_lo_20,xrand_hi_20,rand_hit_20,p_20,z_20,t_20,xloc_20,xloc_lo_20,xloc_hi_20,loc_hit_20,ploc_20,n_40,ret_40,med_40,hit_40,hit_lo_40,hit_hi_40,xspy_40,xrand_40,xrand_lo_40,xrand_hi_40,rand_hit_40,p_40,z_40,t_40,xloc_40,xloc_lo_40,xloc_hi_40,loc_hit_40,ploc_40,n_60,ret_60,med_60,hit_60,hit_lo_60,hit_hi_60,xspy_60,xrand_60,xrand_lo_60,xrand_hi_60,rand_hit_60,p_60,z_60,t_60,xloc_60,xloc_lo_60,xloc_hi_60,loc_hit_60,ploc_60,target_rate,stop_rate,time_rate,n_r,avg_r,win_rate_r,profit_factor,avg_reward_risk,avg_bars_held,avg_trade_ret,avg_score,avg_delay,verdict
Ascending Triangle,3163,509,3162,0.001619317393358844,0.0031510713919531003,0.5395319418089817,0.5221211032622199,0.5568468400486519,-0.0008074663071187823,-0.0017491939608646823,-0.0030378832848428896,-0.00034603837599280537,0.5459057856465381,0.9845,-2.225252070806253,-2.546299528706179,-0.0017949254794658671,-0.0031292799300508545,-0.00045032242971461677,0.5533512488144167,0.9955,3157,0.005117214819948841,0.0061842975029899,0.5568577763699715,0.5394705079848708,0.5741068379979205,-0.0002732095119407774,-0.0012415402560565498,-0.0032418632887559764,0.0005929136160084557,0.5582516598166298,0.876,-1.1250585416006056,-1.2615075367399515,-0.003057507223202659,-0.005078896689325412,-0.0011986036256652621,0.5778691116029087,0.9985,3146,0.010869289812923013,0.01155397724005765,0.5718372536554355,0.5544690739535918,0.5890302055022385,0.00027005670713523146,-0.002311560601044643,-0.005111777231521504,0.0005400836866044271,0.5736642428074613,0.938,-1.5574968860699192,-1.5685327739751687,-0.005930426784474317,-0.008912136667842107,-0.0028726398885510988,0.6006797344293392,1.0,3114,0.02057825555197617,0.0178241455131423,0.5895953757225434,0.5722178155212317,0.6067521488284645,0.0014503003559238415,-0.007166518544548485,-0.011432690911599309,-0.002937397692997399,0.5940720834650648,0.9995,-3.3108965593258035,-3.3814348940008068,-0.015344101132867105,-0.01979212855143729,-0.010776481800638227,0.6359310780904205,1.0,3083,0.028951434924293907,0.0302954265459884,0.6016866688290626,0.5842894891631156,0.6188307486877673,0.0008995077416466345,-0.012446256715317978,-0.01727750410312,-0.0074964839133208365,0.6071293076193487,1.0,-4.6962534777050635,-4.885828713485199,-0.026215736233672172,-0.03176796444997155,-0.020502224655502645,0.6562914954157445,1.0,0.30730319317104016,0.5684476762567183,0.12424913057224155,3136,0.20286405679155,0.42028061224489793,1.362236493544457,3.7060286599424197,20.84950995889978,0.010264788974708713,0.7083149252628447,1.0856781536515965,worse than random
Bear Flag,4742,510,4734,-0.008105265515094105,-0.00746536496210695,0.4262779890156316,0.4122556814349665,0.4404198491273046,-0.004027960732588268,-0.004368440326511167,-0.006291081535597128,-0.002521408917052907,0.46218894981020664,1.0,-5.64893623118743,-4.522427272866373,-0.006754569812537382,-0.008719603438768903,-0.004802971250562001,0.48124209194432727,1.0,4724,-0.02075963933161564,-0.018217861638139703,0.384419983065199,0.37064698390413997,0.3983808109356871,-0.010635756721088609,-0.01320467509724493,-0.015844915815177028,-0.010478947593429546,0.44893504850274146,1.0,-11.81813493976956,-9.628195854912633,-0.018362349191661798,-0.021070794047564914,-0.015600683587924595,0.47956558414171235,1.0,4703,-0.034234988615428195,-0.0294206598967758,0.382521794599192,0.36873284794091526,0.3965025064844388,-0.014323865532527869,-0.017678150036531656,-0.021362876877121628,-0.013868492676481768,0.4315900463939266,1.0,-11.162842501406864,-9.249757303185834,-0.02848004970303705,-0.03229282858018609,-0.024467935186915507,0.4773618726275833,1.0,4642,-0.06674711555404841,-0.05104658979994085,0.3496337785437312,0.33604527497105924,0.3634709547686719,-0.02667160876705895,-0.03288402334025469,-0.03818148598822658,-0.027265088697772166,0.4059363137916491,1.0,-14.006655550216474,-12.069866495015932,-0.04937601904608933,-0.055188961965969126,-0.043443165865136205,0.4629692113032476,1.0,4605,-0.07942558568399373,-0.0595835156401767,0.353528773072747,0.339848157671807,0.3674535643053597,-0.030347904074544463,-0.02806501013778855,-0.03454969537953818,-0.021726854754616328,0.3881906368620835,1.0,-9.386169398872061,-8.50892907809791,-0.051912950788969445,-0.05919525411955846,-0.04475946711408893,0.4546183045128638,1.0,0.08034584563475326,0.8412062420919443,0.0784479122733024,4702,-0.40962652569170005,0.15631646108039132,0.509090249130936,6.561271117686691,15.91754533951919,-0.027853325215365772,0.7191772443083452,0.0,worse than random
Bull Flag,7707,514,7685,-0.00030149282819532096,0.0001164049223691,0.5012361743656474,0.490059353461124,0.512411760002834,-0.00110800086926216,-0.004120565972659705,-0.005309495147210984,-0.002961865227834327,0.5428247048138056,1.0,-7.117472889764567,-6.934201316116853,-0.00544263890210346,-0.006639073669970465,-0.004262338381138632,0.5470481380563125,1.0,7653,0.003725175184610489,0.0021821203587997,0.5165294655690579,0.5053277236380895,0.5277146211323704,-0.0003553207669779221,-0.004507095090436112,-0.006182295067550233,-0.002910335689163141,0.5538795899831322,1.0,-5.50768693723445,-5.344565225380853,-0.0072298728910666285,-0.008900123058523817,-0.005603350959386599,0.5630790190735695,1.0,7620,0.011944298770913117,0.0083459908257317,0.5461942257217848,0.5349951482346583,0.5573467493199814,0.002088676948697506,-0.00526522923390995,-0.007814232742531164,-0.002920187882511426,0.5680809653561697,1.0,-4.557892120081295,-4.229311417422382,-0.010060949998151431,-0.012643486091419423,-0.007555034023600454,0.5770079148825743,1.0,7536,0.029281374909843935,0.023017257496724848,0.5796178343949044,0.5684350711274243,0.5907194660182896,0.004670869659008847,-0.005895574811355605,-0.009394236459156553,-0.0022336983264257216,0.5850590372388738,1.0,-3.5241191953805515,-3.304895500024562,-0.010540861480754135,-0.014274216570864457,-0.006644277329103006,0.5877384196185286,1.0,7483,0.045770761109345574,0.0318195232986631,0.5932112788988374,0.5820358917660757,0.6042910100879719,0.008778521643025708,-0.007336846211471959,-0.011953451299707075,-0.0029635473410071786,0.5956143765408071,1.0,-3.4286046567744908,-3.162207202610006,-0.012743026935974395,-0.018192405737062843,-0.007575565099300006,0.5979109900090827,1.0,0.22135720773322953,0.6778253535746723,0.1008174386920981,7677,0.2691013747157111,0.3147062654682819,1.3980973182699712,4.99881489003504,19.68262618398858,0.013567700863188627,0.7266920027492089,0.0,worse than random
Cup and Handle,1224,474,1223,-3.749521810382536e-05,0.0020060129135659,0.5298446443172526,0.5018219451915947,0.5576804388162512,-0.000585529720383872,-0.0032496103763998544,-0.0054909899952883005,-0.0009718100601678307,0.5447303921568627,0.996,-2.5531330570273747,-2.8207789787817017,-0.0037146547465458945,-0.006004636685551064,-0.0015521102938911653,0.549264705882353,0.9985,1221,0.0015436526006528289,0.0027777147307903,0.5257985257985258,0.4977529824670617,0.5536822398506649,-0.00046724283508347344,-0.004768891299158545,-0.008028183848331788,-0.0016617964948092013,0.5559232026143791,0.9975,-2.733014834789298,-3.002851040462946,-0.00642833478243758,-0.009781685414164788,-0.0033610998223606954,0.5656862745098039,1.0,1215,0.0030162633289054206,0.0043474054570145,0.5292181069958848,0.5011031852119315,0.5571488468814924,-0.0017667281231422563,-0.010231544914923665,-0.014714183053461158,-0.005657433182725314,0.568218954248366,1.0,-4.054623257913323,-4.3456354570754305,-0.013191577334917073,-0.018049026988108202,-0.008317978837101976,0.5781454248366014,1.0,1203,0.004135502103690932,0.0077722557411685,0.5353283458021613,0.5070763089671123,0.5633554693209414,-0.007919512208663241,-0.026378958693460727,-0.03272719010990613,-0.019861489992477936,0.5979166666666667,1.0,-7.047289220450974,-8.011154052386173,-0.028204322511985635,-0.03543804663424758,-0.020740420283716834,0.6051470588235294,1.0,1195,0.010315415812616652,0.0119806050451547,0.5464435146443515,0.5181128362728423,0.5744765433416122,-0.011262491753427147,-0.03279376913283276,-0.04052007249370257,-0.025183555417971026,0.6021241830065359,1.0,-7.493158439363703,-7.918627102111165,-0.03900212909841521,-0.049339549654197304,-0.02926219323834413,0.6271241830065359,1.0,0.16666666666666666,0.5849673202614379,0.24836601307189543,1223,0.169096978535874,0.3785772690106296,1.285229357423586,4.144375166270646,29.077614379084967,0.007717205510559551,0.6601689421344062,0.17565359477124182,worse than random
Descending Triangle,1644,492,1637,-0.0035621277750790027,-0.0039359614216392,0.4575442883323152,0.4335376875455352,0.48174968693351256,-4.035734057021751e-05,-0.0005368646043261428,-0.0028685179073927015,0.0017543701401385038,0.4554744525547445,0.6795,-0.4757157223790856,-0.454272732763519,-0.002714554614348279,-0.005001192043732936,-0.0003851731968931703,0.4817214111922141,0.99,1635,-0.00858392700189385,-0.009606308824434,0.43608562691131497,0.41222565030164143,0.46024524621453206,-0.0016228928037445584,-0.002139497400679666,-0.005495411799479978,0.000952716652404828,0.44425182481751824,0.9035,-1.2983847039390215,-1.3216560600249703,-0.006076590818001579,-0.009382235781816042,-0.0029544371610763084,0.477463503649635,0.9995,1631,-0.01879512479324361,-0.0154706155507278,0.4230533415082771,0.3992846776955054,0.4471836284694464,-0.002679117113847138,-0.006153165012733713,-0.010837509031392538,-0.0016129336772617334,0.4328771289537713,0.9965,-2.6703864860929922,-2.55411731128781,-0.011503264464828293,-0.01642937985384182,-0.006954738741523664,0.47363138686131384,1.0,1615,-0.037683782228050564,-0.0328767605246334,0.38575851393188854,0.3623153536191362,0.40974387688247677,-0.00788067557422722,-0.010135462225671818,-0.017570562121808554,-0.0032449486059631188,0.4039233576642336,0.9995,-3.2097222851829654,-2.791750313389993,-0.02710049078489996,-0.034612815804826565,-0.019651393928982876,0.478345498783455,1.0,1598,-0.050261672910857653,-0.043163216716339006,0.3785982478097622,0.3551344305025109,0.40264436610259646,-0.009462354106838185,-0.01016425251166729,-0.018353238090098648,-0.0022842741067372156,0.38667883211678833,0.9905,-2.401894708233542,-2.3790521088581644,-0.03184093712882128,-0.04123863599216239,-0.02284127059491587,0.46630170316301706,1.0,0.20316301703163017,0.6940389294403893,0.10279805352798053,1632,-0.24899942799629243,0.2861519607843137,0.6368689347140365,3.8195599798617974,18.621654501216543,-0.01691073280764881,0.6957101862557583,1.2402676399026764,worse than random
Double Bottom,5597,513,5594,0.0027350581045569537,0.0026327412687776,0.53557382910261,0.5224842617574352,0.5486145703352772,0.00016913330488669314,-0.0005708425186962513,-0.0018000214827139282,0.0006095916323524392,0.5420135787028766,0.8165,-0.896892462747713,-0.9388608713113273,0.0006702542889805279,-0.0005946303849524856,0.0018506824623792859,0.5301947471859925,0.1355,5585,0.006603550194870987,0.0063327420348882,0.5550581915846016,0.5419911427047814,0.5680495498065252,0.0016625994388472516,-0.00032590715686422604,-0.002041873351251546,0.0013907777203176687,0.5554761479363945,0.6485,-0.3588258042321198,-0.3620604575777205,0.0026233714298528,0.0009104160196187293,0.004391678033764108,0.5345006253350009,0.0,5567,0.011870587725004995,0.012570143382796,0.5663732710616131,0.5533135921652818,0.5793414091903483,0.0014055714471290035,-0.0026575956383992215,-0.005186986425738784,-0.0001466647802743014,0.5704573878863677,0.984,-2.082723824037055,-2.0458125945369234,0.003476807347391686,0.0008120187914111655,0.006035622968598783,0.535715561908165,0.002,5500,0.0182755379007853,0.0171967886468583,0.5632727272727273,0.5501249799530913,0.5763321477375022,0.0020842089638035406,-0.010719063510893686,-0.014236597483619379,-0.0067731477628753005,0.5815794175451134,1.0,-5.884834343226769,-5.778268372760917,0.0013385829751878069,-0.0025510760637354455,0.005457214641244843,0.5359924959799893,0.19,5404,0.030768949859707847,0.02762799173700775,0.5860473723168024,0.5728584907825521,0.5991140019028846,0.0015062789024039324,-0.012472950465507929,-0.017170384409370593,-0.007973980536984981,0.588931570484188,1.0,-5.674782995030029,-5.331633876558616,0.0026627447953827947,-0.002670291718057227,0.007869822722128833,0.540289440771842,0.0705,0.5762015365374308,0.24745399321064857,0.17634447025192068,5595,0.09887988239584733,0.6314566577301162,1.349047025957053,0.7231425147385621,26.093978917277113,0.012193484136579034,0.7220679101169675,0.38663569769519385,edge vs random (statistically significant)
Double Top,6109,513,6087,-0.00428959442981439,-0.0047857186772461,0.4480039428289798,0.43554773315322187,0.4605257421445104,-0.000502382291109281,-0.0009207211545301025,-0.0021904162529542233,0.00032652192971781285,0.4556555901129481,0.9445,-1.6025942249903067,-1.3992701304910824,-0.0005527203626443126,-0.001824525152286238,0.0007480340924260206,0.45376493697822884,0.821,6082,-0.007963257833553552,-0.0102253969879129,0.42502466293982244,0.4126517332220753,0.43749224686442595,-0.0019236344273672738,-0.001358498320022951,-0.003298199841997601,0.0006269074214636609,0.4432722213128171,0.953,-1.6462605826635848,-1.378610266638267,0.00020414790419196068,-0.0017935402889861576,0.0021602564878390987,0.4345392044524472,0.3775,6065,-0.019348343521962522,-0.0185106831293946,0.4037922506183017,0.39150828810246513,0.41619801288255326,-0.0056372185716353634,-0.004570419675987705,-0.007300473297995579,-0.0020167514157040265,0.4235144868227206,1.0,-3.8729912009269922,-3.3003216001081066,-0.00197131317683457,-0.004912270062119087,0.0006808002524164961,0.41429039122605993,0.962,6015,-0.04058294778340232,-0.0345217493667033,0.37539484621778885,0.363240736147705,0.3877080178450899,-0.009567424593980684,-0.011872085250448196,-0.015575629092938588,-0.008192100696975296,0.4014650515632673,1.0,-7.146714249637317,-6.1899994476033475,-0.006607401364489393,-0.010695404963542958,-0.002663623431166594,0.384972990669504,1.0,5964,-0.05930111863458493,-0.04849022533951685,0.35429242119382964,0.3422506709606366,0.36652176026474986,-0.01391502656909752,-0.01609556842760418,-0.02053414901529501,-0.011557377944816071,0.37912915370764444,1.0,-7.8039329741529695,-6.8021897453321385,-0.011386473123302699,-0.016276500918001414,-0.0062375842077635755,0.3651415943689638,1.0,0.4308397446390571,0.40464887870355215,0.16451137665739074,6108,-0.18937767897303845,0.4521938441388343,0.5805164682869324,0.7434690890158073,25.076280897037158,-0.02578072741307481,0.730401174304386,0.5856932394827304,no detectable edge
Falling Wedge,3183,508,3181,0.0070497420286174195,0.0076886212498461,0.5928953159383842,0.5757199427210439,0.6098465859251533,0.0020513064946769684,0.0041694627555591696,0.0025498478829486955,0.005644451294387172,0.5384699968583098,0.0,5.354272657486931,5.179058859360773,0.005753123663548554,0.004102312164368802,0.007313661490347179,0.5187401822180333,0.0,3179,0.01288910872398506,0.0144254997014017,0.6140295690468701,0.5969783953507837,0.6308054817984907,0.003782766497770191,0.006464023472603799,0.004195884788113418,0.008745857159606518,0.5539899465912661,0.0,5.969402791115375,5.537815000065576,0.009788038677343583,0.007493583229052978,0.012095707012206287,0.5195098963242224,0.0,3165,0.022357741358918364,0.0234481764330412,0.6154818325434439,0.5984028754554521,0.6322807914088052,0.004564487947923778,0.008865838791505614,0.005520354555168987,0.011999631362482702,0.5672950047125354,0.0,5.491613311442253,5.183277193524464,0.016280020960281773,0.012881519406791149,0.019649220792827934,0.5138391454602577,0.0,3138,0.03312317573796488,0.0308425837639476,0.6217335882727852,0.6046264653555901,0.6385430184274244,0.008879728164981643,0.004888352671153025,0.0006436276702340303,0.009211602508820152,0.5859723531259817,0.0135,2.1935136968531936,2.121253850943381,0.01811369480862946,0.013214332336780394,0.022696409216213805,0.523641218975809,0.0,3106,0.04473791076359957,0.041970395821376655,0.6168705730843529,0.5996389505422071,0.6338134542362228,0.010181140336805797,0.003519577646799711,-0.0020268635670440903,0.009136791971329147,0.5912032673578386,0.1025,1.2429419708371021,1.2416302974894036,0.021757503497844576,0.01568634488244211,0.028241274911144643,0.5311498586239397,0.0,0.3176248821866164,0.489789506754634,0.1925856110587496,3176,0.3922354149645012,0.4748110831234257,1.7899296204418655,3.4048726817370762,26.832547910775997,0.022191420081334103,0.6928942096242071,1.512095507382972,edge vs random (statistically significant)
Head and Shoulders,1782,490,1773,-0.005021990956064836,-0.0043172478486164,0.45910885504794136,0.4360261102086358,0.4823684163490496,-0.0016305175525842344,-0.0019970847178191658,-0.004712919305706281,0.000556797420418948,0.4591750841750842,0.955,-1.7440772691012856,-1.490632563524649,-0.0015426201409822627,-0.004245982998399863,0.001057623891911855,0.4580246913580247,0.9215,1769,-0.008751232475813591,-0.0089683700156426,0.4245336348219333,0.4016881454064601,0.4477061828854753,-0.0012342052558519136,-0.0017985362632676975,-0.005445885434773898,0.0017574876213317754,0.44320987654320987,0.8775,-1.171090066676471,-0.9581094909005621,-0.0006160108781358388,-0.004273738507767704,0.0031088646154004015,0.43967452300785637,0.66,1760,-0.018446139591704904,-0.01525161506131295,0.42159090909090907,0.3987153731331653,0.44480799086958867,-0.002300731404316336,-0.003731036163456157,-0.008825262799209725,0.0009078364467646269,0.424354657687991,0.954,-1.6314486832340005,-1.5166606715001474,0.00048101157288908653,-0.0045417134800231195,0.005538099615942246,0.41245791245791247,0.405,1737,-0.03617942747934885,-0.0344528732398046,0.37535981577432354,0.3528866652548447,0.3983830654317383,-0.0018607690718729004,-0.0068465970055160644,-0.013716305360707838,-0.00014794723092809476,0.3957912457912458,0.977,-2.0154806114268315,-1.9869069749511326,0.0007692517981129264,-0.006579742498101616,0.008346263128983174,0.37362514029180693,0.3895,1721,-0.058426658953801315,-0.0503921335178658,0.3550261475886113,0.3327636732214142,0.377934398995768,-0.00995581593167602,-0.014455068028635406,-0.023163817036133835,-0.00653798602952225,0.3771043771043771,1.0,-3.7524765240921796,-3.4453088146375155,-0.0070903666446087915,-0.01643548429997035,0.0016982994885450075,0.3567901234567901,0.987,0.24691358024691357,0.5852974186307519,0.16778900112233447,1775,-0.25632224763739736,0.3307042253521127,0.5819745526511498,1.9709495608198764,25.17732884399551,-0.02571633974379013,0.7037352140203821,0.9579124579124579,no detectable edge
Inverse Head and Shoulders,1728,487,1725,0.003557148960929066,0.0036705312863267,0.542608695652174,0.5190301648203892,0.5659978678229716,0.0011102807717356172,0.0008674658038057047,-0.0011871369035347343,0.0028808961048462107,0.5425347222222222,0.204,0.8403047797981444,0.8381627156844809,0.0020655061997412708,1.8849352243720264e-05,0.0041541830354234624,0.5291087962962963,0.028,1722,0.008966499242166096,0.00813705924482195,0.5708478513356562,0.5473377588688721,0.594042539299859,0.0029052590220737975,0.0015273107889828877,-0.0012600126987790264,0.004363996649141897,0.5603877314814815,0.1525,0.9857299528164455,1.0452384908613903,0.00570057759918457,0.002874799138572866,0.008693951539211193,0.5326967592592593,0.0,1717,0.014669987834894276,0.0125988192153825,0.5818287711124054,0.5583397806539301,0.6049524131191633,0.003378166809220296,0.0006428498143680803,-0.0036412677324529183,0.004702005455777423,0.5703414351851852,0.398,0.27342744299297383,0.2995734513945775,0.009235846538947096,0.004960388024829048,0.013412136769394128,0.5194155092592593,0.0,1699,0.02032388082079398,0.0185792724084745,0.5715126545026487,0.5478462766085439,0.5948563681941201,0.002531793039467253,-0.007240869362034257,-0.013247987174371385,-0.0010313882547207747,0.5849537037037037,0.993,-2.3642311253837014,-2.341693133918197,0.01126037445256955,0.004798274625638768,0.017647015057132325,0.5130208333333334,0.0,1674,0.03204212300099509,0.026037708002092153,0.5806451612903226,0.5568481168434777,0.6040729140810149,0.0018879019630209967,-0.009510552673862123,-0.01737480127412681,-0.0011069350888394272,0.5960648148148148,0.9945,-2.544845873681196,-2.3338172195044704,0.018670163173540637,0.009529885478906345,0.027957016916371917,0.5015914351851852,0.0,0.3871527777777778,0.4230324074074074,0.18981481481481483,1726,0.21178679619325663,0.5127462340672074,1.4790103842449707,1.956929814011404,26.722800925925927,0.01687708144856655,0.6907736581512388,0.7609953703703703,edge vs random (statistically significant)
Inverted Cup and Handle,564,340,562,0.001961215482176828,-0.00326415435941145,0.4626334519572954,0.4218033270761726,0.5039709532171109,0.0002025099530516354,0.004588999936789481,6.67617049198427e-05,0.009412893085392827,0.462145390070922,0.004,2.5369268121613273,1.8999536632231573,0.002526576015401697,-0.002218314434531531,0.0074194568008664865,0.488031914893617,0.086,562,-0.0008872546344179784,-0.008556065847678051,0.4501779359430605,0.4095215915434025,0.49151078218097544,0.0015884183626207332,0.005559827113397508,-0.0008860217744952798,0.01231577895051332,0.44361702127659575,0.015,2.167281221905197,1.6235449000013895,0.0019831489060692024,-0.004573804284824142,0.008752291863265801,0.4785460992907801,0.2105,562,-0.014078680154738689,-0.020448981511781948,0.3879003558718861,0.34850474051406555,0.4288181003657848,0.0006719276765341618,-0.0010204586836479652,-0.010292966403428172,0.007899903399642173,0.4296985815602837,0.614,-0.30407837897164713,-0.22129921431066482,-0.008336464409423873,-0.01776305403940937,0.0005095660903978561,0.4830673758865248,0.9955,562,-0.03659148208825099,-0.0429389063673738,0.3861209964412811,0.3467712356429931,0.42701704715558514,-0.007789957732444548,-0.01213632930341859,-0.024097218284735867,-0.00011048994962137023,0.412677304964539,0.989,-2.373724714590101,-1.994240190529772,-0.02784795152829786,-0.040249531287734806,-0.01587078639261843,0.4874113475177305,1.0,558,-0.06313974735202332,-0.052416426255639345,0.34587813620071683,0.30758637674567296,0.3862775165651819,-0.018942653350741447,-0.024654802779281174,-0.03869455605982484,-0.011595947716062921,0.38927304964539006,1.0,-3.9696496415481453,-3.542375152379709,-0.05116636824515073,-0.06606518481476617,-0.036473813512325495,0.4804078014184397,1.0,0.15070921985815602,0.6985815602836879,0.15070921985815602,563,-0.2822027351491353,0.25932504440497334,0.6029761236981184,4.023388788787642,23.852836879432623,-0.019033518766040397,0.6546266533856956,0.23404255319148937,no detectable edge
Rectangle,1337,484,1333,0.0030197512410322963,0.0020496504873751,0.5236309077269318,0.49678970024874725,0.5503363018146238,0.0025660532890583766,0.002022613460545328,-0.0004535307073597936,0.004448422682097747,0.5096484667165295,0.047,1.6362185065055201,1.6476123323405605,0.0014310943510177556,-0.0010932992189967284,0.003992601520199554,0.5166417352281226,0.109,1331,0.004509832362691167,0.0043934585644089,0.5364387678437266,0.5095817809209519,0.5630860172657394,0.0033015229075029026,0.002860907363054383,-0.0006112851158175278,0.006348248197433125,0.5145100972326103,0.046,1.6795291838348,1.653893876087701,0.0016237042669200513,-0.0018831950421594659,0.005244794822761276,0.5232984293193718,0.1665,1326,0.0022987940332005285,0.0032467358649970997,0.5203619909502263,0.4934517822385282,0.5471545576443572,-7.379730736086724e-05,-0.002047530912802342,-0.006853115159838494,0.0028942011962799,0.5159311892296186,0.7925,-0.8099090896661538,-0.8324407897902918,-0.004680307744897916,-0.009738742376300182,0.0006469154407369122,0.5348915482423335,0.982,1319,0.0076293521948495695,0.0058341794247047,0.533737680060652,0.5067563083413851,0.5605230998659165,0.0036833103979067193,0.001627519438246069,-0.0054563778925181125,0.008744410793257077,0.5212789827973074,0.3315,0.44826299403859726,0.45342216242430256,-0.007156402717717877,-0.014682361856399288,0.0005046660340151288,0.5578908002991773,0.988,1310,0.005541992806945892,0.0126905481178127,0.5312977099236641,0.5042223061330268,0.5581900881769114,-0.0004346020639857062,-0.00869904020106381,-0.017136955260561623,-0.0003302251564432877,0.531376215407629,0.9835,-2.1237865477686495,-1.9933071832480187,-0.01535427088030969,-0.024459735624747132,-0.006021330469285855,0.5615557217651459,1.0,0.56245325355273,0.32834704562453254,0.10919970082273747,1334,0.03726883752890119,0.5749625187406296,1.1047471126023753,0.7866709268330482,20.12715033657442,0.0007017388413115573,0.6856327117349871,0.3238593866866118,no detectable edge
Rising Wedge,5611,511,5605,-0.0012798139693948735,-0.000710974127021,0.4897413024085638,0.47666560655807316,0.5028310510048718,0.0005536848939362225,0.0015086759982864478,0.0003573658877329009,0.002598756889435393,0.454705043664231,0.0035,2.650979858077077,2.639322836189484,0.0023944480920334156,0.001240604316231757,0.0035127195474522798,0.4405899126715381,0.0,5597,-0.0029922735953750645,-0.0022250974168365,0.4795426121136323,0.4664727844163869,0.49264050312954183,0.0005892864353229503,0.0038035117049959356,0.002177190865551505,0.005368393291631824,0.43683835323471754,0.0,4.692252915541735,4.697575998773869,0.00570522583469778,0.004091350833615828,0.007327099363582586,0.4126982712528961,0.0,5574,-0.00891189709667959,-0.00733575588601525,0.4573017581628992,0.44425727859554687,0.4704050524394543,-0.00014161080547204154,0.005021152462368224,0.00279002126631799,0.007322665455985882,0.41949741579041167,0.0,4.413856484065048,4.301506034148485,0.00920746497084263,0.006992876284655443,0.011577978185452953,0.385234361076457,0.0,5520,-0.020982505816234096,-0.021378540769355497,0.4121376811594203,0.3992180517800042,0.42517951964927053,0.0009195899305445383,0.00582261166260173,0.002572707283663677,0.008987946591242493,0.39200677241133486,0.0,3.568029631037186,3.5412342395632597,0.013792714858388545,0.010372339968569351,0.017169456559321145,0.3541436464088398,0.0,5483,-0.033006716460393735,-0.0303907180329048,0.4025168703264636,0.3896086777949735,0.4155615680528381,0.00084539689623516,0.00872409897363791,0.005019702495389294,0.01273699625443966,0.3711726964890394,0.0,4.324346976974509,4.296528002401969,0.01815357528801161,0.01396438919618339,0.022727698942428178,0.33020851898057385,0.0,0.174835145250401,0.6663696310818036,0.15879522366779542,5573,-0.14557645893146232,0.2953525928584245,0.7830088392664324,4.28981856762895,23.883086793797897,-0.009656736156600848,0.6986608317024686,1.8347888076991623,edge vs random (statistically significant)
Symmetrical Triangle,3678,505,3672,0.001996925448775374,0.0025036378534059,0.5272331154684096,0.5110646659585412,0.5433446426471398,0.002143897395777248,0.001536289379565529,0.00016163754685348343,0.003000519751093897,0.5061174551386624,0.012,2.2690561819767336,2.160817167443598,0.001207248815336538,-0.00020708551734889287,0.002668311045090494,0.5100598151169113,0.048,3668,0.0019375197376197979,0.0033788727589399003,0.5280806979280261,0.5119040589778913,0.5441985790008276,0.0019427837306861787,0.0005633847423982482,-0.0014304944810830471,0.002537422217684997,0.5100190320826536,0.287,0.5833385512479642,0.5375461451259809,-0.00010460905054645312,-0.002090736568925763,0.0020043599796140126,0.5186922240348015,0.534,3650,0.0025121790338313004,0.00343069405933485,0.5191780821917809,0.5029572905026634,0.5353585467246538,0.001713018041933471,0.0002351864055457236,-0.0026227259650151236,0.00317843719458129,0.5106035889070146,0.428,0.18308887168118507,0.1578306870477737,-0.001476645115227436,-0.004376796004446449,0.0016024480477927286,0.5224714518760196,0.8645,3631,9.235221399238325e-05,0.0025032088528715,0.5097769209584136,0.4935148288143255,0.5260183469917398,0.001036035059643805,-0.00490375299811444,-0.008829938946756582,-0.0011049740733017313,0.5105356171832518,0.9915,-2.3777576593301655,-2.3875695329205104,-0.008907657789074963,-0.013105498511694576,-0.004693213990317048,0.5273382272974443,1.0,3594,0.0003366433049714148,0.0042844104249294,0.5122426265998887,0.49589621572700304,0.5285628933121498,0.0009053772365485783,-0.00715760252884533,-0.012150022880721124,-0.002350331555453273,0.5087275693311583,0.998,-2.9074281540447893,-2.7929349352365738,-0.014799179707434213,-0.020772696019025136,-0.00908832581231605,0.5343257205002719,1.0,0.1952147906470908,0.688689505165851,0.11609570418705818,3599,0.20373704148559255,0.3378716310086135,1.3155932637872336,6.548349840873718,18.917074497009246,0.004906230191317039,0.7038147580600864,1.7822185970636215,weak / unproven (positive R but not significant)
Triple Bottom,143,128,143,0.0017567892591719896,0.003760147861259,0.5454545454545454,0.4637188627387269,0.6248119078331001,-0.0009618537003817042,-0.00023499745109508048,-0.008576755506376255,0.007421168678433538,0.5367132867132867,0.541,-0.09124731719506868,-0.058574450195838415,-0.000759608295119505,-0.00892624794450941,0.006798782025695231,0.5513986013986014,0.577,143,0.0036657274194936943,-0.0001588542297715,0.4965034965034965,0.4157242744569096,0.5774656662683346,-0.0025584570823728708,-0.0031711401758362503,-0.014357290598215632,0.00702179997761175,0.5629370629370629,0.7605,-0.6586614613641929,-0.5909731288602664,0.0013152281578874556,-0.009435622221621868,0.0110334091434079,0.5328671328671328,0.373,143,0.014168432193900612,0.0073230898723897,0.5594405594405595,0.47757133478487557,0.6381996728859753,0.004882253681430861,0.0006575981078765944,-0.01432719467094064,0.01600544067068154,0.5713286713286714,0.4495,0.10045639346144031,0.08517388770985285,0.013879042420885786,-0.0015896256699560627,0.029330077924387715,0.5136363636363637,0.0105,143,0.024938188143457312,0.0249164317616057,0.6083916083916084,0.5265555573483971,0.6845562801690368,0.008386324211129257,0.0007835941260635087,-0.021789582960839406,0.022155089357653777,0.5842657342657342,0.4755,0.06629565065213809,0.07102660105272464,0.02240297943787141,-0.0009376405340524934,0.04521978958915504,0.5034965034965035,0.003,143,0.028240374205222667,0.0275138019369165,0.6013986013986014,0.5195092918707351,0.6779824270971866,-0.0014000322458493448,-0.004190624671932727,-0.02899825744907304,0.01835066747011835,0.5937062937062937,0.641,-0.38120758398292887,-0.35478144015947466,0.02470741436839066,-0.0009905768623005961,0.049802928064034004,0.49405594405594405,0.006,0.5104895104895105,0.2097902097902098,0.27972027972027974,143,0.12869852742045296,0.6433566433566433,1.512891846872138,0.768878375211073,33.61538461538461,0.010072745894908187,0.7071079490858061,0.5804195804195804,weak / unproven (positive R but not significant)
Triple Top,214,179,214,0.0005313238480746022,-0.0050473834679494005,0.4672897196261682,0.4016081859947096,0.5341249338501685,0.005564317630181909,0.003467908941519002,-0.003922628755677771,0.012880371925567537,0.461214953271028,0.0895,1.3387415870936525,0.8736202505057349,0.00402217042548729,-0.0036877592262482715,0.01337912007630379,0.44953271028037384,0.0685,214,-0.001200232337251506,-0.01131370769727795,0.4158878504672897,0.3519025027142968,0.4828398054582469,0.00464303619053157,0.004675210653578395,-0.005291791033894623,0.017474662132971806,0.44088785046728973,0.093,1.3110974379553224,0.8110565704003573,0.005289571540353653,-0.005218132436207892,0.01832720245827281,0.4376168224299065,0.063,213,-0.000841269846683914,-0.0088382723861846,0.4272300469483568,0.36266421177363295,0.49437429006365285,0.011185931838476553,0.013507522492596057,-0.001302247729177,0.029637025923517545,0.4203271028037383,0.007,2.4666471527486875,1.6977991887362192,0.011811356094158398,-0.003416373542134849,0.028695244347540092,0.4252336448598131,0.008,213,-0.01482727092575606,-0.0281490801426056,0.40375586854460094,0.34013221332399923,0.4707896762027336,0.005837697024870576,0.00936798005100126,-0.006359782184517963,0.025536940208255296,0.40420560747663553,0.102,1.27655678710536,1.1441328296408304,0.011016170505940698,-0.005485132789544473,0.027738303292817918,0.38457943925233645,0.0355,212,-0.027921165661732576,-0.04010262068984545,0.3443396226415094,0.2836594855115372,0.4105607204172551,0.008057128463119392,0.01171119424774733,-0.004300342037641736,0.02866769504891959,0.3642523364485981,0.1045,1.2108038775682384,1.374242848890595,0.006465127857155037,-0.012187048908790524,0.025409658367503963,0.36682242990654207,0.174,0.35046728971962615,0.32242990654205606,0.32710280373831774,214,-0.20259108757179403,0.4205607476635514,0.5121026424363824,0.692663123587597,34.42056074766355,-0.0275084339575709,0.7005542188698157,0.5887850467289719,no detectable edge
ALL,48426,514,48330,-0.0005575376330325717,0.0,0.49966894268570244,0.49521137691674644,0.504126561079889,-0.0002465899463052104,-0.0008323786340751474,-0.0012744529848156716,-0.0004053633332009832,0.5025151777970511,0.9995,-3.854059703428933,-3.7010494286816265,-0.000972851222746596,-0.0014242569624334533,-0.0005355659574696414,0.5022725395448726,1.0,48242,-0.0008300262472955727,-0.0003424607841351,0.49751254093943037,0.4930511377009605,0.5019743403083196,-0.0005861877603995107,-0.0014378111870515901,-0.002080397067029728,-0.0008050643956223536,0.5028806839301202,1.0,-4.916295010722881,-4.441292114225415,-0.0016091902398411458,-0.0022503218338840963,-0.0009690597195336153,0.5014971296411019,1.0,48057,-0.0019578460454289415,-0.0003723869868963,0.4974717522941507,0.49300177616171886,0.501942132602459,-0.0012164640181825518,-0.0030045289340236677,-0.0038950680089619373,-0.0021115932195454067,0.5019947961838682,1.0,-7.019946354914403,-6.48543956869884,-0.0030980016019232933,-0.004041279265952328,-0.0021255986524527644,0.4982767521579317,1.0,47587,-0.005768898354216415,-0.0033534485852377,0.48845272868640593,0.48396260403262537,0.4929447175643097,-0.00234808123049431,-0.008299486185416021,-0.00958173372493302,-0.006990564558284613,0.49921323256102096,1.0,-13.343112987378968,-12.682115770693368,-0.007668873873208282,-0.008967360594821384,-0.006250524192273421,0.4942840622805931,1.0,47133,-0.006512618938426688,-0.0038971618741083,0.4891477308891859,0.48463584195555615,0.49366138871846504,-0.003369427372437455,-0.010022011160840148,-0.011596780563266329,-0.008431230713514887,0.4949200842522612,1.0,-13.06107358792251,-12.330487344378675,-0.010120942013188566,-0.011919695585284277,-0.008340295949655865,0.4916935117498864,1.0,0.29442861272869947,0.56296204518234,0.14260934208896048,48176,0.019036682589312303,0.38672783128528726,1.033293746566227,3.5178449270760908,22.532069549415603,-0.00204557743332438,0.7104764048407783,0.7617602114566555,worse than random
