condition,period,state,h,n,net,hit,excess
regime: beaten-down basket up over the last 20 bars,train,yes,20,334,0.03557385194115838,0.6347305389221557,0.037381874719726656
regime: beaten-down basket up over the last 20 bars,train,yes,60,334,0.07853594966471865,0.6377245508982036,0.08603881408609065
regime: beaten-down basket up over the last 20 bars,train,no,20,270,0.016722875160692704,0.5666666666666667,0.02552714617655598
regime: beaten-down basket up over the last 20 bars,train,no,60,270,0.08556299303803233,0.6666666666666666,0.11099700283710098
regime: beaten-down basket up over the last 20 bars,test,yes,20,253,0.016820019490417414,0.5731225296442688,0.026111875135937775
regime: beaten-down basket up over the last 20 bars,test,yes,60,253,0.03796829853542632,0.5968379446640316,0.06306399111576082
regime: beaten-down basket up over the last 20 bars,test,no,20,227,0.03735757597695331,0.5947136563876652,0.035940111612574474
regime: beaten-down basket up over the last 20 bars,test,no,60,227,0.13655954014404628,0.6784140969162996,0.1545599501525581
regime: breadth (share above the 50-day MA) rising vs 20 bars ago,train,yes,20,312,0.031019602888377122,0.6185897435897436,0.033921797647925446
regime: breadth (share above the 50-day MA) rising vs 20 bars ago,train,yes,60,312,0.07330524925374857,0.6282051282051282,0.08897049176802817
regime: breadth (share above the 50-day MA) rising vs 20 bars ago,train,no,20,292,0.023009338152603656,0.589041095890411,0.030117379307897537
regime: breadth (share above the 50-day MA) rising vs 20 bars ago,train,no,60,292,0.09062252582573697,0.6746575342465754,0.10598411383269438
regime: breadth (share above the 50-day MA) rising vs 20 bars ago,test,yes,20,205,0.03255195405932129,0.6195121951219512,0.041436787000975285
regime: breadth (share above the 50-day MA) rising vs 20 bars ago,test,yes,60,205,0.0855722667739193,0.6487804878048781,0.1192314239932434
regime: breadth (share above the 50-day MA) rising vs 20 bars ago,test,no,20,275,0.02204539671157505,0.5563636363636364,0.022800612400897195
regime: breadth (share above the 50-day MA) rising vs 20 bars ago,test,no,60,275,0.08386429255821057,0.6254545454545455,0.09671947824837554
SPY above its 50-day MA,train,yes,20,315,0.01838253005016383,0.6095238095238096,0.019716062888765196
SPY above its 50-day MA,train,yes,60,315,0.04793690755356015,0.5777777777777777,0.05668061700828234
SPY above its 50-day MA,train,no,20,289,0.03670015874025025,0.5986159169550173,0.04556164641556326
SPY above its 50-day MA,train,no,60,289,0.11845290459831595,0.7301038062283737,0.1413555720178637
SPY above its 50-day MA,test,yes,20,349,0.01878712779078523,0.5816618911174785,0.02892917201068595
SPY above its 50-day MA,test,yes,60,349,0.05521048347994637,0.6074498567335244,0.07836153606062322
SPY above its 50-day MA,test,no,20,131,0.047167382281373745,0.5877862595419847,0.03563686041005546
SPY above its 50-day MA,test,no,60,131,0.162874323722596,0.7099236641221374,0.18085589581496692
flag D: more than 40% below the 52-week high,train,yes,20,202,0.0471636772458006,0.594059405940594,0.05652944075398206
flag D: more than 40% below the 52-week high,train,yes,60,202,0.15688219646937512,0.6683168316831684,0.1812221764600225
flag D: more than 40% below the 52-week high,train,no,20,402,0.017089005069856233,0.6094527363184079,0.019798329830234943
flag D: more than 40% below the 52-week high,train,no,60,402,0.043887591098186525,0.6417910447761194,0.054973320959818404
flag D: more than 40% below the 52-week high,test,yes,20,139,0.051205826615580874,0.6187050359712231,0.06367145267420303
flag D: more than 40% below the 52-week high,test,yes,60,139,0.1595724117503237,0.6474820143884892,0.19429535611827814
flag D: more than 40% below the 52-week high,test,no,20,341,0.016475145977355613,0.5689149560117303,0.017344216491883988
flag D: more than 40% below the 52-week high,test,no,60,341,0.05403058624300986,0.6304985337243402,0.07047872122134168
"flag Z (proxy): 20-day return vs sector, z below -1",train,yes,20,348,0.027691808913477257,0.6005747126436781,0.03175467871837304
"flag Z (proxy): 20-day return vs sector, z below -1",train,yes,60,348,0.10256108016666236,0.6925287356321839,0.10337777346539861
"flag Z (proxy): 20-day return vs sector, z below -1",train,no,20,256,0.026406614608765006,0.609375,0.03252831027369142
"flag Z (proxy): 20-day return vs sector, z below -1",train,no,60,256,0.05328812269643068,0.59375,0.0887917558781751
"flag Z (proxy): 20-day return vs sector, z below -1",test,yes,20,288,0.028509059459485248,0.6215277777777778,0.026733415414814034
"flag Z (proxy): 20-day return vs sector, z below -1",test,yes,60,288,0.07834130079490428,0.6666666666666666,0.08694036362579956
"flag Z (proxy): 20-day return vs sector, z below -1",test,no,20,192,0.023567841424542994,0.5260416666666666,0.036799406801980315
"flag Z (proxy): 20-day return vs sector, z below -1",test,no,60,192,0.09397239850640066,0.5885416666666666,0.1354243422535828
market-driven decline: sector explains >= 50% of the 60-bar fall,train,yes,20,116,0.04700093085250066,0.6637931034482759,0.045993030639559854
market-driven decline: sector explains >= 50% of the 60-bar fall,train,yes,60,116,0.14698662937512,0.7758620689655172,0.15472945035698932
market-driven decline: sector explains >= 50% of the 60-bar fall,train,no,20,488,0.022427735374680024,0.5901639344262295,0.02877599194645467
market-driven decline: sector explains >= 50% of the 60-bar fall,train,no,60,488,0.06615279979666155,0.6209016393442623,0.08351954596180487
market-driven decline: sector explains >= 50% of the 60-bar fall,test,yes,20,43,0.03015295452947754,0.5581395348837209,0.016247677275067984
market-driven decline: sector explains >= 50% of the 60-bar fall,test,yes,60,43,0.17380836333406904,0.7441860465116279,0.18320069482016402
market-driven decline: sector explains >= 50% of the 60-bar fall,test,no,20,437,0.026176333256467895,0.585812356979405,0.03218777945679345
market-driven decline: sector explains >= 50% of the 60-bar fall,test,no,60,437,0.07581518425353867,0.6247139588100686,0.09877040860332063
