date,symbol,action,p_buy,p_watch,p_skip,action_confidence,cause_type,cause_confidence,corporate_action,event_ahead,evidence,evidence_confidence,severity,severity_confidence,model,input_tokens,cost,tables,read,score
2026-10-01,COO,watch,0.01,0.77,0.22,0.65,transitory,0.94,0.02,0.21,contradicts,0.91,1.58,0.58,typesafe/jev-1.13-20260917,4190,0.00017598,insider buys (beaten-down),undecided,0.0
2026-10-01,AON,watch,0.12,0.78,0.1,0.67,transitory,0.72,0.03,0.76,neutral,0.44,0.97,0.8,typesafe/jev-1.13-20260917,4195,0.00017619,insider buys (beaten-down),undecided,1.5
2026-10-01,VST,watch,0.08,0.81,0.11,0.72,structural,0.58,0.06,0.88,neutral,0.55,1.23,0.69,typesafe/jev-1.13-20260917,4071,0.000170982,insider buys (beaten-down),undecided,2.0
2026-10-01,TSN,watch,0.03,0.76,0.21,0.64,transitory,0.49,0.03,0.62,contradicts,0.91,1.81,0.81,typesafe/jev-1.13-20260917,3993,0.000167706,"insider buys (beaten-down), falling wedge",undecided,1.0
2026-10-01,PODD,watch,0.02,0.84,0.14,0.76,transitory,0.49,0.02,0.56,neutral,0.42,1.94,0.93,typesafe/jev-1.13-20260917,4543,0.000190806,insider buys (beaten-down),undecided,1.5
2026-10-01,BSX,watch,0.02,0.76,0.22,0.65,transitory,0.49,0.03,0.95,contradicts,0.93,1.85,0.85,typesafe/jev-1.13-20260917,4477,0.000188034,insider buys (beaten-down),undecided,1.5
2026-10-01,UBER,watch,0.11,0.77,0.12,0.65,transitory,0.88,0.02,0.82,neutral,0.5,1.44,0.53,typesafe/jev-1.13-20260917,4313,0.000181146,insider buys (other),undecided,2.0
2026-10-01,FOX,watch,0.08,0.78,0.14,0.66,transitory,0.46,0.05,0.16,supports,0.56,0.83,0.58,typesafe/jev-1.13-20260917,3589,0.000150738,insider buys (other),undecided,2.5
2026-10-01,ORCL,buy,0.6,0.32,0.08,0.41,transitory,0.4,0.03,0.48,supports,0.3,0.93,0.64,typesafe/jev-1.13-20260917,4524,0.000190008,insider buys (other),signs of a bottom,4.0
2026-10-01,WELL,watch,0.17,0.75,0.08,0.63,transitory,0.68,0.07,0.41,supports,0.65,0.77,0.76,typesafe/jev-1.13-20260917,3193,0.000134106,insider buys (other),undecided,2.5
2026-10-01,TFC,watch,0.15,0.63,0.22,0.45,transitory,0.75,0.04,0.94,neutral,0.57,0.96,0.89,typesafe/jev-1.13-20260917,3723,0.000156366,insider buys (other),undecided,-1.0
2026-10-01,MSCI,watch,0.05,0.79,0.16,0.68,transitory,0.99,0.03,0.93,neutral,0.52,0.93,0.91,typesafe/jev-1.13-20260917,4101,0.000172242,insider buys (other),undecided,2.5
2026-10-01,CRM,buy,0.78,0.15,0.07,0.66,sector_wide,0.33,0.03,0.65,supports,0.7,0.89,0.82,typesafe/jev-1.13-20260917,4153,0.000174426,insider buys (other),signs of a bottom,8.5
2026-10-01,ECL,buy,0.77,0.18,0.05,0.65,transitory,0.94,0.03,0.77,supports,0.98,0.5,0.5,typesafe/jev-1.13-20260917,4246,0.000178332,insider buys (other),signs of a bottom,6.5
2026-10-01,AMT,buy,0.86,0.12,0.02,0.8,transitory,0.44,0.03,0.85,supports,0.99,1.0,0.92,typesafe/jev-1.13-20260917,4154,0.000174468,insider buys (other),signs of a bottom,7.5
2026-10-01,ARE,watch,0.04,0.76,0.2,0.64,structural,0.8,0.03,0.93,contradicts,0.61,1.71,0.71,typesafe/jev-1.13-20260917,4094,0.000171948,insider buys (other),undecided,1.0
2026-10-01,KDP,buy,0.77,0.14,0.09,0.66,transitory,0.66,0.13,0.94,supports,0.98,0.85,0.79,typesafe/jev-1.13-20260917,3783,0.000158886,insider buys (other),signs of a bottom,7.5
2026-10-01,DVN,buy,0.51,0.21,0.28,0.28,transitory,0.95,0.03,0.9,neutral,0.16,0.74,0.73,typesafe/jev-1.13-20260917,4114,0.000172788,insider buys (other),signs of a bottom,7.5
2026-10-01,CINF,watch,0.03,0.66,0.31,0.48,transitory,0.96,0.03,0.89,contradicts,0.28,1.08,0.83,typesafe/jev-1.13-20260917,4135,0.00017367,insider buys (other),undecided,-1.5
2026-10-01,MO,watch,0.03,0.81,0.16,0.72,transitory,0.44,0.02,0.85,contradicts,0.37,1.13,0.86,typesafe/jev-1.13-20260917,3945,0.00016569,insider buys (other),undecided,0.0
2026-10-01,CTVA,watch,0.07,0.55,0.38,0.32,corporate_action,1.0,0.89,0.85,neutral,0.2,1.16,0.53,typesafe/jev-1.13-20260917,4250,0.0001785,news-day,undecided,2.5
2026-10-01,FICO,watch,0.11,0.62,0.27,0.43,structural,0.98,0.02,0.91,contradicts,0.88,2.02,0.93,typesafe/jev-1.13-20260917,4700,0.0001974,news-day,undecided,0.0
2026-10-01,ALGN,watch,0.06,0.89,0.05,0.83,transitory,0.6,0.03,0.95,neutral,0.73,0.97,0.94,typesafe/jev-1.13-20260917,3867,0.000162414,falling wedge,undecided,2.5
2026-10-01,LNT,watch,0.41,0.56,0.03,0.34,sector_wide,0.68,0.05,0.55,neutral,0.66,0.84,0.81,typesafe/jev-1.13-20260917,3477,0.000146034,falling wedge,undecided,2.5
2026-10-01,APTV,watch,0.03,0.76,0.21,0.64,transitory,0.45,0.18,0.85,contradicts,0.86,1.76,0.76,typesafe/jev-1.13-20260917,4319,0.000181398,falling wedge,undecided,-0.5
2026-10-01,CNP,watch,0.31,0.66,0.03,0.49,sector_wide,0.69,0.06,0.95,neutral,0.84,0.64,0.62,typesafe/jev-1.13-20260917,4118,0.000172956,falling wedge,undecided,-0.5
2026-10-01,CMS,watch,0.23,0.38,0.39,0.08,sector_wide,0.3,0.03,0.69,contradicts,0.98,1.24,0.73,typesafe/jev-1.13-20260917,4041,0.000169722,falling wedge,still falling,-2.5
2026-10-01,CRH,watch,0.3,0.66,0.04,0.49,sector_wide,0.81,0.03,0.81,contradicts,0.56,0.95,0.89,typesafe/jev-1.13-20260917,4006,0.000168252,falling wedge,undecided,-1.5
2026-10-01,DECK,buy,0.69,0.28,0.03,0.53,transitory,0.95,0.02,0.94,supports,0.24,1.07,0.83,typesafe/jev-1.13-20260917,3949,0.000165858,falling wedge,signs of a bottom,3.5
2026-10-01,DUK,buy,0.54,0.43,0.03,0.32,sector_wide,0.9,0.04,0.85,neutral,0.63,0.99,0.91,typesafe/jev-1.13-20260917,4178,0.000175476,falling wedge,undecided,1.0
2026-10-01,EQT,watch,0.03,0.81,0.16,0.71,transitory,0.41,0.04,0.97,contradicts,0.29,1.17,0.65,typesafe/jev-1.13-20260917,4059,0.000170478,falling wedge,undecided,-1.5
2026-10-01,ERIE,buy,0.7,0.24,0.06,0.56,transitory,0.49,0.04,0.52,supports,0.99,0.91,0.89,typesafe/jev-1.13-20260917,3865,0.00016233,falling wedge,signs of a bottom,3.0
2026-10-01,HSY,watch,0.37,0.56,0.07,0.34,transitory,0.52,0.1,0.9,neutral,0.53,0.74,0.71,typesafe/jev-1.13-20260917,4050,0.0001701,falling wedge,undecided,2.5
2026-10-01,LDOS,buy,0.64,0.33,0.03,0.46,transitory,0.82,0.03,0.95,supports,0.24,1.03,0.85,typesafe/jev-1.13-20260917,4402,0.000184884,falling wedge,signs of a bottom,4.5
2026-10-01,NKE,skip,0.03,0.26,0.71,0.57,structural,0.93,0.02,0.28,contradicts,1.0,1.98,0.97,typesafe/jev-1.13-20260917,4414,0.000185388,falling wedge,still falling,-3.5
2026-10-01,NI,watch,0.32,0.65,0.03,0.48,sector_wide,0.34,0.03,0.83,neutral,0.29,1.15,0.82,typesafe/jev-1.13-20260917,3966,0.000166572,falling wedge,undecided,-0.5
2026-10-01,NCLH,watch,0.01,0.51,0.48,0.26,structural,0.79,0.02,0.84,contradicts,0.89,1.79,0.79,typesafe/jev-1.13-20260917,4482,0.000188244,falling wedge,undecided,-1.0
2026-10-01,NRG,watch,0.04,0.78,0.18,0.67,structural,0.76,0.04,0.82,contradicts,0.57,1.48,0.51,typesafe/jev-1.13-20260917,4384,0.000184128,falling wedge,undecided,-1.5
2026-10-01,PPL,watch,0.42,0.55,0.03,0.33,sector_wide,0.56,0.03,0.62,neutral,0.73,1.11,0.85,typesafe/jev-1.13-20260917,3632,0.000152544,falling wedge,undecided,0.5
2026-10-01,SRE,watch,0.43,0.53,0.04,0.29,sector_wide,0.58,0.04,0.66,neutral,0.61,1.07,0.83,typesafe/jev-1.13-20260917,4175,0.00017535,falling wedge,undecided,-1.0
2026-10-01,SO,watch,0.47,0.49,0.04,0.23,sector_wide,0.91,0.04,0.92,neutral,0.67,0.46,0.54,typesafe/jev-1.13-20260917,4095,0.00017199,falling wedge,undecided,-1.5
2026-10-01,TMUS,watch,0.28,0.69,0.03,0.54,structural,0.38,0.03,0.95,neutral,0.72,1.02,0.87,typesafe/jev-1.13-20260917,4487,0.000188454,falling wedge,undecided,1.0
2026-10-01,TPR,buy,0.86,0.1,0.04,0.79,transitory,0.86,0.03,0.68,supports,0.99,0.66,0.64,typesafe/jev-1.13-20260917,4075,0.00017115,falling wedge,signs of a bottom,4.0
2026-10-01,VMC,watch,0.31,0.64,0.05,0.47,sector_wide,0.44,0.03,0.92,contradicts,0.6,1.03,0.92,typesafe/jev-1.13-20260917,4075,0.00017115,falling wedge,undecided,0.5
2026-10-01,WEC,watch,0.42,0.56,0.02,0.34,sector_wide,0.71,0.04,0.54,neutral,0.45,0.38,0.62,typesafe/jev-1.13-20260917,3675,0.00015435,falling wedge,undecided,0.0
2026-10-01,XYL,buy,0.78,0.21,0.01,0.66,transitory,0.8,0.03,0.97,supports,0.99,0.79,0.77,typesafe/jev-1.13-20260917,4473,0.000187866,falling wedge,signs of a bottom,3.5
2026-10-01,YUM,watch,0.03,0.83,0.14,0.75,transitory,0.8,0.03,0.76,contradicts,0.42,1.19,0.81,typesafe/jev-1.13-20260917,4027,0.000169134,falling wedge,undecided,1.0
