logged,rule,symbol,signal_date,status,ref_price,entry_date,entry_price,hold_bars,note,bars_elapsed,last_price,ret,done,spy_ret,basket_ret
2026-09-03,falling_wedge_beaten_down,VST,2026-09-02,closed,143.4600,2026-09-03,144.7629,20,"score 0.72, stop 130.64, level 137.09",20.0,139.75,-0.03462834745642707,True,-0.0026213215719446126,-0.07393312912686653
2026-09-05,newsday,LULU,2026-09-04,open,100.6100,2026-09-08,100.5800,60,"gap -19.4%, vol 8.7x, 6m -41%, vs MA200 -34%",24.0,94.5,-0.06044939351759793,False,0.014866479898321128,-0.05079621390680767
2026-09-05,newsday,FICO,2026-09-04,open,932.2600,2026-09-08,920.5100,60,"gap -16.5%, vol 5.6x, 6m -37%, vs MA200 -29%",24.0,667.5800170898438,-0.27477157544204434,False,0.014866479898321128,-0.05079621390680767
2026-09-05,growth_top10,SNDK,2026-09-04,open,1740.0000,2026-09-08,1769.4301,250,"score 0.94; revenue +251% yoy (3y CAGR +49%); op margin +42% (+72.5% vs last year), FCF margin +34%; ROE +33%; 12-1 momentum +1914% (above 200-day MA, +73%), 1y drawdown -2",24.0,1581.8199462890625,-0.10602857593014692,False,0.014866479898321128,-0.05079621390680767
2026-09-05,growth_top10,MU,2026-09-04,open,1016.5900,2026-09-08,1036.4000,250,"score 0.90; revenue +346% yoy (3y CAGR +7%); EPS +1368% yoy; op margin +66% (+57.0% vs last year), FCF margin +29%; ROE +50%; 12-1 momentum +611% (above 200-day MA, +68%), ",24.0,1029.0,-0.0071401003473563485,False,0.014866479898321128,-0.05079621390680767
2026-09-05,growth_top10,WDC,2026-09-04,open,467.4600,2026-09-08,480.0100,250,"score 0.86; revenue +45% yoy (3y CAGR +27%); EPS +989% yoy; op margin +31% (+12.6% vs last year), FCF margin +25%; ROE +67%; 12-1 momentum +400% (above 200-day MA, +25%), 1",24.0,397.2799987792969,-0.1723505785727446,False,0.014866479898321128,-0.05079621390680767
2026-09-05,growth_top10,FIX,2026-09-04,open,1610.3400,2026-09-08,1639.0000,250,"score 0.81; revenue +50% yoy (3y CAGR +30%); EPS +92% yoy; op margin +16% (+3.3% vs last year), FCF margin +19%; ROE +45%; 12-1 momentum +137% (above 200-day MA, +8%), 1y d",24.0,1715.68994140625,0.04679069030277616,False,0.014866479898321128,-0.05079621390680767
2026-09-05,growth_top10,EXPE,2026-09-04,open,298.0400,2026-09-08,296.5000,250,"score 0.77; revenue +14% yoy (3y CAGR +8%); EPS +189% yoy; op margin +17% (+5.0% vs last year), FCF margin +28%; ROE +168%; 12-1 momentum +42% (above 200-day MA, +16%), 1y ",24.0,274.2200012207031,-0.07514333483742619,False,0.014866479898321128,-0.05079621390680767
2026-09-05,growth_top10,LLY,2026-09-04,open,1149.3600,2026-09-08,1133.0000,250,"score 0.76; revenue +48% yoy (3y CAGR +32%); EPS +26% yoy; op margin +50% (+9.1% vs last year), FCF margin +17%; ROE +79%; 12-1 momentum +61% (above 200-day MA, +8%), 1y dr",24.0,1179.27001953125,0.040838499144969065,False,0.014866479898321128,-0.05079621390680767
2026-09-05,growth_top10,INCY,2026-09-04,open,126.7500,2026-09-08,124.1100,250,"score 0.75; revenue +38% yoy (3y CAGR +15%); EPS +38% yoy; op margin +32% (+16.3% vs last year), FCF margin +32%; ROE +25%; 12-1 momentum +39% (above 200-day MA, +21%), 1y ",24.0,112.79000091552734,-0.09120940362962415,False,0.014866479898321128,-0.05079621390680767
2026-09-05,growth_top10,COF,2026-09-04,open,219.6000,2026-09-08,217.4300,250,"score 0.75; revenue +27% yoy (3y CAGR +16%); op margin n/a (n/a vs last year), FCF margin +48%; ROE +9%; 12-1 momentum -2% (above 200-day MA, +7%), 1y drawdown -14%; fwd P/",24.0,199.25999450683594,-0.08356715031579853,False,0.014866479898321128,-0.05079621390680767
2026-09-05,growth_top10,ASML,2026-09-04,open,1714.8800,2026-09-08,1774.3500,250,"score 0.75; revenue +21% yoy (3y CAGR +16%); EPS +28% yoy; op margin +35% (+2.4% vs last year), FCF margin +25%; ROE +49%; 12-1 momentum +128% (above 200-day MA, +16%), 1y ",24.0,1780.3399658203125,0.0033758648633654964,False,0.014866479898321128,-0.05079621390680767
2026-09-05,growth_top10,FANG,2026-09-04,open,199.2200,2026-09-08,201.8300,250,"score 0.75; revenue +51% yoy (3y CAGR +16%); EPS +179% yoy; op margin +36% (+14.3% vs last year), FCF margin +22%; ROE +4%; 12-1 momentum +35% (above 200-day MA, +11%), 1y ",24.0,192.1300048828125,-0.048060224531474516,False,0.014866479898321128,-0.05079621390680767
2026-09-08,growth_top10,APO,2026-09-04,open,133.6700,2026-09-08,132.0500,250,"score 0.76; revenue +64% yoy (3y CAGR +43%); EPS +216% yoy; op margin +25% (+4.3% vs last year), FCF margin +26%; ROE +9%; 12-1 momentum -4% (above 200-day MA, +5%), 1y dra",24.0,118.6500015258789,-0.10147670181083757,False,0.014866479898321128,-0.05079621390680767
2026-09-08,newsday,HWM,2026-09-08,open,231.5300,2026-09-09,232.7100,60,"gap -6.3%, vol 4.2x, 6m -9%, vs MA200 -6%",23.0,225.25999450683594,-0.032014118401289426,False,0.02149424289794699,-0.0326741479212198
2026-09-09,newsday,CASY,2026-09-09,open,629.0300,2026-09-10,632.0000,60,"gap -15.1%, vol 7.3x, 6m -9%, vs MA200 -14%",22.0,646.27001953125,0.02257914482792711,False,0.029647029642454914,-0.01546282204380626
2026-09-09,falling_wedge_beaten_down,TXT,2026-09-09,closed,79.8900,2026-09-10,79.3599,20,"score 0.82, stop 78.44, level 79.45",20.0,73.02999877929688,-0.07976196064641117,True,0.02786162668094727,-0.029604645833785158
2026-09-09,insider_buy_beaten_down,TSN,2026-09-08,open,51.7400,2026-09-09,52.3200,120,"1 buy(s) $1.00M @ 51.50, 6m -13%, vs MA200 -13%; Schomburger Jeffrey K",23.0,53.43000030517578,0.021215602163145553,False,0.02149424289794699,-0.0326741479212198
2026-09-10,newsday,COO,2026-09-10,open,54.1700,2026-09-11,54.6600,60,"gap -18.5%, vol 9.0x, 6m -27%, vs MA200 -26%",21.0,54.369998931884766,-0.005305544605108459,False,0.020639432913830857,-0.02103724637290395
2026-09-11,falling_wedge_beaten_down,TXT,2026-09-11,closed,81.0000,2026-09-14,80.1900,20,"score 0.77, stop 78.19, level 78.33",20.0,74.16000366210938,-0.07519636286183595,True,0.0283312012544068,-0.030508095985033082
2026-09-15,newsday,AXON,2026-09-15,open,442.0800,2026-09-16,441.3300,60,"gap -5.1%, vol 3.7x, 6m -10%, vs MA200 -12%",18.0,422.8900146484375,-0.04178275972982237,False,0.027654154928909103,-0.006012538766828449
2026-09-16,growth_top10,NEM,2026-09-16,open,121.7600,2026-09-17,125.5000,250,"score 0.73; revenue +15% yoy (3y CAGR +24%); EPS +11% yoy; op margin +55% (+6.1% vs last year), FCF margin +38%; ROE +24%; 12-1 momentum +53% (above 200-day MA, +11%), 1y d",17.0,117.83999633789062,-0.06103588575385954,False,0.02273905053412628,-0.01341685309502282
2026-09-16,insider_buy_beaten_down,COO,2026-09-15,open,54.6100,2026-09-16,54.3700,120,"cluster, 4 buy(s) $1.33M @ 53.88, 6m -24%, vs MA200 -25%; Keel Paul A; Kurzius Lawrence Erik; Rosebrough Walter M Jr",18.0,54.369998931884766,-1.9645304938364916e-08,False,0.027654154928909103,-0.006012538766828449
2026-09-16,insider_buy_beaten_down,UBER,2026-09-10,open,70.9700,2026-09-11,72.9900,120,"1 buy(s) $10.01M @ 70.96, 6m -9%, vs MA200 -6%; KHOSROWSHAHI DARA",21.0,71.51000213623047,-0.020276720972318474,False,0.020639432913830857,-0.02103724637290395
2026-09-17,growth_top10,ALL,2026-09-17,open,252.2100,2026-09-18,251.4100,250,"score 0.73; revenue +11% yoy (3y CAGR +10%); EPS +61% yoy; op margin n/a (n/a vs last year), FCF margin +18%; ROE +39%; 12-1 momentum +35% (above 200-day MA, +14%), 1y draw",16.0,229.42999267578125,-0.08742694134767415,False,0.022671460799116305,-0.004478265984934627
2026-09-18,newsday,NFLX,2026-09-18,open,71.7900,2026-09-21,71.8200,60,"gap -5.4%, vol 4.3x, 6m -22%, vs MA200 -16%",15.0,70.30000305175781,-0.021163978672266492,False,0.016078312984298515,0.0023240524703257047
2026-09-18,falling_wedge_beaten_down,LMT,2026-09-18,open,533.3800,2026-09-21,532.3000,20,"score 0.77, stop 515.54, level 531.15",15.0,509.5899963378906,-0.04266391820798299,False,0.016078312984298515,0.0023240524703257047
2026-09-18,falling_wedge_beaten_down,TDG,2026-09-18,open,1086.0500,2026-09-21,1091.3000,20,"score 0.60, stop 1062.38, level 1083.72",15.0,1107.989990234375,0.015293677480413326,False,0.016078312984298515,0.0023240524703257047
2026-09-21,falling_wedge_beaten_down,IDXX,2026-09-21,open,515.3000,2026-09-22,519.2700,20,"score 0.71, stop 495.93, level 507.70",14.0,518.0,-0.0024457411365955695,False,0.005865377124280036,-0.019321509824751667
2026-09-23,falling_wedge_beaten_down,ALGN,2026-09-23,open,148.1700,2026-09-24,148.6500,20,"score 0.72, stop 145.54, level 146.39",12.0,142.7100067138672,-0.0399595915649702,False,0.018977318650131414,0.005166766765031104
2026-09-23,falling_wedge_beaten_down,XYL,2026-09-23,open,108.6400,2026-09-24,107.7000,20,"score 0.63, stop 102.23, level 108.29",12.0,102.70999908447266,-0.046332413328944666,False,0.018977318650131414,0.005166766765031104
2026-09-24,newsday,MGM,2026-09-24,open,33.6900,2026-09-25,33.9900,60,"gap -10.5%, vol 8.1x, 6m -9%, vs MA200 -16%",11.0,29.270000457763672,-0.13886435840648215,False,0.01273443332847446,0.015124500942061487
2026-09-24,falling_wedge_beaten_down,LII,2026-09-24,open,367.7800,2026-09-25,366.7001,20,"score 0.63, stop 336.40, level 358.43",11.0,356.44000244140625,-0.027979533026017078,False,0.01273443332847446,0.015124500942061487
2026-09-25,falling_wedge_beaten_down,NCLH,2026-09-25,open,14.6100,2026-09-28,14.4500,20,"score 0.67, stop 13.48, level 13.99",10.0,15.569999694824219,0.0775086293995999,False,0.013301271637950585,0.01813022523852181
2026-09-28,falling_wedge_beaten_down,NKE,2026-09-28,open,36.3900,2026-09-29,36.3400,20,"score 0.61, stop 34.96, level 36.22",9.0,34.709999084472656,-0.04485418039425826,False,0.015309768752830966,0.019545297612805098
2026-09-29,newsday,FICO,2026-09-29,open,617.8700,2026-09-30,602.0200,60,"gap -20.6%, vol 10.9x, 6m -41%, vs MA200 -50%",8.0,667.5800170898438,0.10890006493113802,False,0.01581315796745497,0.014289667978380015
2026-10-01,newsday,CTVA,2026-10-01,open,12.5700,2026-10-02,12.3850,60,"gap -81.4%, vol 18.4x, 6m -85%, vs MA200 -84%",6.0,13.239999771118164,0.06903510465225393,False,0.010368800198777395,0.018176365439155295
2026-10-01,newsday,FICO,2026-10-01,open,661.7500,2026-10-02,614.0000,60,"gap +7.2%, vol 3.9x, 6m -38%, vs MA200 -46%",6.0,667.5800170898438,0.08726387148183012,False,0.010368800198777395,0.018176365439155295
2026-10-01,falling_wedge_beaten_down,DECK,2026-10-01,open,79.5700,2026-10-02,79.5000,20,"score 0.64, stop 75.10, level 79.19",6.0,82.88999938964844,0.04264150175658421,False,0.010368800198777395,0.018176365439155295
2026-10-01,jev_pick,CRM,2026-10-01,open,236.6900,2026-10-02,238.1100,20,"P(buy) 0.73, cause transitory, evidence supports, severity 0.89",6.0,229.1300048828125,-0.037713641246430285,False,0.010368800198777395,0.018176365439155295
2026-10-01,jev_pick,ECL,2026-10-01,open,271.2600,2026-10-02,273.3100,20,"P(buy) 0.77, cause transitory, evidence supports, severity 0.49",6.0,281.8299865722656,0.03117334372055769,False,0.010368800198777395,0.018176365439155295
2026-10-01,jev_pick,AMT,2026-10-01,open,161.0600,2026-10-02,162.2200,20,"P(buy) 0.88, cause transitory, evidence supports, severity 0.98",6.0,182.24000549316406,0.12341268335078337,False,0.010368800198777395,0.018176365439155295
2026-10-01,jev_pick,KDP,2026-10-01,open,30.6900,2026-10-02,30.9800,20,"P(buy) 0.80, cause transitory, evidence supports, severity 0.84",6.0,31.760000228881836,0.025177541280885674,False,0.010368800198777395,0.018176365439155295
2026-10-01,jev_pick,DECK,2026-10-01,open,79.5700,2026-10-02,79.5000,20,"P(buy) 0.69, cause transitory, evidence supports, severity 1.03",6.0,82.88999938964844,0.04264150175658421,False,0.010368800198777395,0.018176365439155295
2026-10-01,jev_pick,ERIE,2026-10-01,open,222.1100,2026-10-02,222.5972,20,"P(buy) 0.74, cause transitory, evidence supports, severity 0.91",6.0,222.0399932861328,-0.0025032063020881123,False,0.010368800198777395,0.018176365439155295
2026-10-01,jev_pick,LDOS,2026-10-01,open,121.9700,2026-10-02,121.9400,20,"P(buy) 0.61, cause transitory, evidence supports, severity 1.04",6.0,121.68000030517578,-0.0021321936593752255,False,0.010368800198777395,0.018176365439155295
2026-10-01,jev_pick,TPR,2026-10-01,open,119.2400,2026-10-02,119.2400,20,"P(buy) 0.87, cause transitory, evidence supports, severity 0.68",6.0,116.23999786376953,-0.025159360417900567,False,0.010368800198777395,0.018176365439155295
2026-10-01,jev_pick,XYL,2026-10-01,open,100.8800,2026-10-02,101.9900,20,"P(buy) 0.80, cause transitory, evidence supports, severity 0.8",6.0,102.70999908447266,0.007059506662149939,False,0.010368800198777395,0.018176365439155295
2026-10-01,jev_pick,ORCL,2026-10-01,open,138.0700,2026-10-02,142.0900,20,"P(buy) 0.60, cause transitory, evidence supports, severity 0.93",6.0,141.39999389648438,-0.00485612008948999,False,0.010368800198777395,0.018176365439155295
2026-10-02,newsday,NKE,2026-10-02,open,33.8700,2026-10-05,33.8200,60,"gap -7.4%, vol 3.7x, 6m -22%, vs MA200 -29%",5.0,34.709999084472656,0.026315762403094523,False,0.011537118651204548,0.024384839012742843
2026-10-02,jev_pick,DVN,2026-10-02,open,47.6500,2026-10-05,47.6400,20,"P(buy) 0.61, cause transitory, evidence supports, severity 0.71",5.0,48.2599983215332,0.013014238487262908,False,0.011537118651204548,0.024384839012742843
2026-10-02,jev_pick,VRSK,2026-10-02,open,163.8800,2026-10-05,163.8100,20,"P(buy) 0.80, cause transitory, evidence supports, severity 0.8",5.0,177.6300048828125,0.08436606362744947,False,0.011537118651204548,0.024384839012742843
2026-10-05,newsday,CHRW,2026-10-05,open,140.6100,2026-10-06,140.8300,60,"gap -10.8%, vol 6.0x, 6m -16%, vs MA200 -18%",4.0,142.30999755859375,0.010509107140479479,False,0.0005397197159666689,0.013721803956591356
2026-10-05,falling_wedge_beaten_down,SO,2026-10-05,open,83.7900,2026-10-06,84.2000,20,"score 0.66, stop 81.49, level 83.61",4.0,86.16999816894531,0.023396652837830212,False,0.0005397197159666689,0.013721803956591356
2026-10-05,falling_wedge_beaten_down,PDD,2026-10-05,open,77.9000,2026-10-06,77.7300,20,"score 0.68, stop 73.93, level 75.75",4.0,81.3499984741211,0.04657144569820004,False,0.0005397197159666689,0.013721803956591356
2026-10-05,jev_pick,ORLY,2026-10-05,open,83.9000,2026-10-06,83.4500,20,"P(buy) 0.86, cause sector_wide, evidence supports, severity 0.9",4.0,86.44999694824219,0.03594963389145822,False,0.0005397197159666689,0.013721803956591356
2026-10-05,early_rally_beaten_down,TJX,2026-10-05,open,134.4100,2026-10-06,134.9400,20,"higher_high, rsi_turn; day +1.3%, 10d +2.6%, 6m -16%, vs MA200 -11%",4.0,138.75999450683594,0.028308837311664004,False,0.0005397197159666689,0.013721803956591356
2026-10-05,early_rally_beaten_down,ECHO,2026-10-05,open,98.2100,2026-10-06,99.8100,20,"higher_high; day +4.2%, 10d +3.0%, 6m -23%, vs MA200 -10%",4.0,94.83999633789062,-0.0497946464493475,False,0.0005397197159666689,0.013721803956591356
2026-10-05,early_rally_beaten_down,IDXX,2026-10-05,open,527.0700,2026-10-06,529.1400,20,"rsi_turn; day +1.7%, 10d +2.3%, 6m -9%, vs MA200 -10%",4.0,518.0,-0.021053029444003446,False,0.0005397197159666689,0.013721803956591356
2026-10-05,jev_pick,CHRW,2026-10-05,open,140.6100,2026-10-06,140.8300,20,"P(buy) 0.61, cause transitory, evidence supports, severity 1.35",4.0,142.30999755859375,0.010509107140479479,False,0.0005397197159666689,0.013721803956591356
2026-10-05,jev_pick,ECHO,2026-10-05,open,98.2100,2026-10-06,99.8100,20,"P(buy) 0.68, cause structural, evidence neutral, severity 1.87",4.0,94.83999633789062,-0.0497946464493475,False,0.0005397197159666689,0.013721803956591356
2026-10-05,jev_pick,IDXX,2026-10-05,open,527.0700,2026-10-06,529.1400,20,"P(buy) 0.87, cause transitory, evidence supports, severity 0.72",4.0,518.0,-0.021053029444003446,False,0.0005397197159666689,0.013721803956591356
2026-10-06,falling_wedge_beaten_down,APTV,2026-10-06,open,44.7200,2026-10-07,44.3500,20,"score 0.69, stop 42.02, level 43.67",3.0,43.79999923706055,-0.012401370077552487,False,0.0036093013682851893,0.00912481089215871
2026-10-06,falling_wedge_beaten_down,WEC,2026-10-06,open,103.1900,2026-10-07,103.1600,20,"score 0.65, stop 101.15, level 102.78",3.0,103.73999786376953,0.005622313530142753,False,0.0036093013682851893,0.00912481089215871
2026-10-06,falling_wedge_beaten_down,XYL,2026-10-06,open,104.5700,2026-10-07,103.3900,20,"score 0.72, stop 97.95, level 103.33",3.0,102.70999908447266,-0.0065770472533837054,False,0.0036093013682851893,0.00912481089215871
2026-10-06,early_rally_beaten_down,NCLH,2026-10-06,open,15.5100,2026-10-07,15.1500,20,"rsi_turn, thrust; day +4.3%, 10d +9.1%, 6m -17%, vs MA200 -20%",3.0,15.569999694824219,0.02772275213361186,False,0.0036093013682851893,0.00912481089215871
2026-10-06,early_rally_beaten_down,NI,2026-10-06,open,40.6700,2026-10-07,40.6100,20,"rsi_turn; day +2.8%, 10d +2.0%, 6m -14%, vs MA200 -8%",3.0,40.7599983215332,0.0036936301781138603,False,0.0036093013682851893,0.00912481089215871
2026-10-06,early_rally_beaten_down,EQT,2026-10-06,open,52.4700,2026-10-07,52.5900,20,"rsi_turn; day +2.6%, 10d +3.3%, 6m -13%, vs MA200 -5%",3.0,52.83000183105469,0.004563640065690988,False,0.0036093013682851893,0.00912481089215871
2026-10-06,early_rally_beaten_down,DTE,2026-10-06,open,128.2200,2026-10-07,128.1100,20,"rsi_turn; day +2.5%, 10d +2.2%, 6m -12%, vs MA200 -8%",3.0,126.9000015258789,-0.009444996285388418,False,0.0036093013682851893,0.00912481089215871
2026-10-06,early_rally_beaten_down,PPL,2026-10-06,open,33.7000,2026-10-07,33.7000,20,"rsi_turn; day +2.3%, 10d +2.5%, 6m -12%, vs MA200 -5%",3.0,34.25,0.016320474777447913,False,0.0036093013682851893,0.00912481089215871
2026-10-06,early_rally_beaten_down,CNP,2026-10-06,open,38.5600,2026-10-07,38.1700,20,"rsi_turn; day +2.1%, 10d +1.9%, 6m -11%, vs MA200 -6%",3.0,38.599998474121094,0.011265351692981262,False,0.0036093013682851893,0.00912481089215871
2026-10-06,early_rally_beaten_down,PEG,2026-10-06,open,71.7300,2026-10-07,71.6800,20,"rsi_turn; day +4.4%, 10d +3.8%, 6m -11%, vs MA200 -8%",3.0,72.27999877929688,0.008370518684387207,False,0.0036093013682851893,0.00912481089215871
2026-10-06,early_rally_beaten_down,ETR,2026-10-06,open,103.2500,2026-10-07,102.9900,20,"rsi_turn; day +2.4%, 10d +2.1%, 6m -8%, vs MA200 -2%",3.0,102.80000305175781,-0.0018448096731933372,False,0.0036093013682851893,0.00912481089215871
2026-10-06,jev_pick,COST,2026-10-06,open,935.6800,2026-10-07,940.8400,20,"P(buy) 0.75, cause transitory, evidence neutral, severity 0.85",3.0,946.9199829101562,0.006462292111470758,False,0.0036093013682851893,0.00912481089215871
2026-10-07,falling_wedge_beaten_down,NRG,2026-10-07,open,108.6100,2026-10-08,107.5000,20,"score 0.71, stop 92.77, level 105.06",2.0,107.97000122070312,0.004372104378633779,False,0.004787990143758636,0.014670715362202835
2026-10-07,early_rally_beaten_down,NRG,2026-10-07,open,108.6100,2026-10-08,107.5000,20,"rsi_turn; day +4.8%, 10d +7.8%, 6m -32%, vs MA200 -22%",2.0,107.97000122070312,0.004372104378633779,False,0.004787990143758636,0.014670715362202835
2026-10-07,early_rally_beaten_down,CASY,2026-10-07,open,633.2500,2026-10-08,642.0000,20,"higher_high; day +2.0%, 10d +6.0%, 6m -16%, vs MA200 -14%",2.0,646.27001953125,0.006651120765186924,False,0.004787990143758636,0.014670715362202835
2026-10-07,jev_pick,CBRE,2026-10-07,open,127.5600,2026-10-08,126.4700,20,"P(buy) 0.80, cause transitory, evidence supports, severity 0.56",2.0,130.8000030517578,0.034237392676190526,False,0.004787990143758636,0.014670715362202835
2026-10-08,falling_wedge_beaten_down,ORLY,2026-10-08,open,86.0100,2026-10-09,85.5800,20,"score 0.61, stop 82.37, level 84.69",1.0,86.44999694824219,0.010165890958660828,False,0.0030016710284923587,-0.00041467781142103774
2026-10-08,early_rally_beaten_down,STZ,2026-10-08,open,123.6300,2026-10-09,123.2500,20,"rsi_turn, thrust; day +4.4%, 10d +8.2%, 6m -23%, vs MA200 -13%",1.0,122.63999938964844,-0.004949295012994459,False,0.0030016710284923587,-0.00041467781142103774
2026-10-08,early_rally_beaten_down,ZTS,2026-10-08,open,73.0800,2026-10-09,73.0400,20,"rsi_turn; day +2.1%, 10d +4.0%, 6m -38%, vs MA200 -24%",1.0,74.80999755859375,0.02423326339805243,False,0.0030016710284923587,-0.00041467781142103774
2026-10-08,early_rally_beaten_down,DECK,2026-10-08,open,82.5600,2026-10-09,82.9050,20,"rsi_turn; day +2.7%, 10d +4.9%, 6m -25%, vs MA200 -18%",1.0,82.88999938964844,-0.00018093734215740565,False,0.0030016710284923587,-0.00041467781142103774
2026-10-08,early_rally_beaten_down,CSGP,2026-10-08,open,29.8100,2026-10-09,30.0200,20,"rsi_turn; day +8.0%, 10d +7.0%, 6m -20%, vs MA200 -24%",1.0,29.670000076293945,-0.011658891529182314,False,0.0030016710284923587,-0.00041467781142103774
2026-10-08,early_rally_beaten_down,DPZ,2026-10-08,open,308.6500,2026-10-09,309.2500,20,"rsi_turn; day +1.8%, 10d +5.3%, 6m -16%, vs MA200 -11%",1.0,309.3599853515625,0.00035565190481001707,False,0.0030016710284923587,-0.00041467781142103774
2026-10-08,early_rally_beaten_down,INTU,2026-10-08,open,303.8800,2026-10-09,305.0500,20,"rsi_turn; day +2.2%, 10d +9.7%, 6m -16%, vs MA200 -21%",1.0,302.75,-0.007539747582363532,False,0.0030016710284923587,-0.00041467781142103774
2026-10-08,early_rally_beaten_down,WMT,2026-10-08,open,110.5600,2026-10-09,110.0550,20,"ma50_cross; day +2.2%, 10d +2.8%, 6m -14%, vs MA200 -6%",1.0,111.3499984741211,0.011766829986107785,False,0.0030016710284923587,-0.00041467781142103774
2026-10-08,early_rally_beaten_down,TAP,2026-10-08,open,37.9200,2026-10-09,37.6100,20,"rsi_turn; day +2.6%, 10d +4.3%, 6m -13%, vs MA200 -10%",1.0,37.20000076293945,-0.010901335736786644,False,0.0030016710284923587,-0.00041467781142103774
2026-10-08,early_rally_beaten_down,TMUS,2026-10-08,open,171.3100,2026-10-09,155.5100,20,"rsi_turn; day +2.2%, 10d +3.6%, 6m -12%, vs MA200 -9%",1.0,148.5800018310547,-0.044563038833163815,False,0.0030016710284923587,-0.00041467781142103774
2026-10-08,early_rally_beaten_down,FE,2026-10-08,open,44.8500,2026-10-09,44.8300,20,"rsi_turn; day +0.6%, 10d +3.8%, 6m -12%, vs MA200 -4%",1.0,45.0,0.003792103502119115,False,0.0030016710284923587,-0.00041467781142103774
2026-10-08,early_rally_beaten_down,DUK,2026-10-08,open,116.8400,2026-10-09,116.2600,20,"rsi_turn; day +1.2%, 10d +3.2%, 6m -11%, vs MA200 -5%",1.0,116.6500015258789,0.0033545632709350848,False,0.0030016710284923587,-0.00041467781142103774
2026-10-08,early_rally_beaten_down,SO,2026-10-08,open,86.1500,2026-10-09,85.9400,20,"rsi_turn; day +0.8%, 10d +3.9%, 6m -10%, vs MA200 -5%",1.0,86.16999816894531,0.0026762644745790265,False,0.0030016710284923587,-0.00041467781142103774
2026-10-08,early_rally_beaten_down,YUM,2026-10-08,open,143.0000,2026-10-09,144.0000,20,"rsi_turn; day +1.9%, 10d +4.1%, 6m -10%, vs MA200 -6%",1.0,144.82000732421875,0.005694495307074554,False,0.0030016710284923587,-0.00041467781142103774
2026-10-08,early_rally_beaten_down,XEL,2026-10-08,open,73.3600,2026-10-09,73.1700,20,"rsi_turn; day +1.3%, 10d +5.5%, 6m -10%, vs MA200 -5%",1.0,73.7750015258789,0.008268436871380347,False,0.0030016710284923587,-0.00041467781142103774
2026-10-09,newsday,TMUS,2026-10-09,open,148.5800,,,60,"gap -9.2%, vol 3.7x, 6m -23%, vs MA200 -21%",,,,False,,
2026-10-09,newsday,T,2026-10-09,open,22.1800,,,60,"gap -10.0%, vol 3.9x, 6m -15%, vs MA200 -11%",,,,False,,
2026-10-09,falling_wedge_beaten_down,ALGN,2026-10-09,open,142.7100,,,20,"score 0.72, stop 137.87, level 140.70",,,,False,,
2026-10-09,falling_wedge_beaten_down,SRE,2026-10-09,open,81.3400,,,20,"score 0.63, stop 74.63, level 80.01",,,,False,,
2026-10-09,early_rally_beaten_down,SBAC,2026-10-09,open,182.4900,,,20,"ma50_cross, rsi_turn; day +7.3%, 10d +9.8%, 6m -17%, vs MA200 -3%",,,,False,,
2026-10-09,early_rally_beaten_down,TSCO,2026-10-09,open,33.7000,,,20,"ma50_cross; day +0.7%, 10d +4.4%, 6m -24%, vs MA200 -13%",,,,False,,
2026-10-09,early_rally_beaten_down,PDD,2026-10-09,open,81.3500,,,20,"rsi_turn; day +3.9%, 10d +4.9%, 6m -19%, vs MA200 -13%",,,,False,,
2026-10-09,early_rally_beaten_down,TSN,2026-10-09,open,53.4300,,,20,"rsi_turn; day +2.1%, 10d +4.9%, 6m -17%, vs MA200 -9%",,,,False,,
2026-10-09,early_rally_beaten_down,SRE,2026-10-09,open,81.3400,,,20,"rsi_turn; day +1.6%, 10d +4.4%, 6m -16%, vs MA200 -8%",,,,False,,
2026-10-09,early_rally_beaten_down,ATO,2026-10-09,open,161.6600,,,20,"rsi_turn; day +0.6%, 10d +2.8%, 6m -14%, vs MA200 -6%",,,,False,,
2026-10-09,early_rally_beaten_down,TPL,2026-10-09,open,360.9800,,,20,"ma50_cross; day +0.9%, 10d +5.8%, 6m -12%, vs MA200 -9%",,,,False,,
2026-10-09,early_rally_beaten_down,WEC,2026-10-09,open,103.7400,,,20,"rsi_turn; day +0.1%, 10d +2.3%, 6m -10%, vs MA200 -6%",,,,False,,
2026-10-09,early_rally_beaten_down,LNT,2026-10-09,open,65.8500,,,20,"rsi_turn; day +0.5%, 10d +3.5%, 6m -9%, vs MA200 -5%",,,,False,,
2026-10-09,early_rally_beaten_down,AEP,2026-10-09,open,122.8100,,,20,"ma50_cross; day +0.4%, 10d +3.8%, 6m -9%, vs MA200 -2%",,,,False,,
