condition,period,state,n,ret,hit,excess,lo,hi
group beaten down,train,yes,302,0.04304304292031524,0.7019867549668874,0.028104030572957524,0.015914351855031695,0.03945675411230019
group beaten down,train,no,866,0.028071867386228543,0.6443418013856813,0.014100178642340188,0.008081683262580443,0.02101882018552758
group beaten down,test,yes,150,0.03268067485050824,0.66,0.021551847718205598,0.006477026049203541,0.03627967024397947
group beaten down,test,no,1211,0.013530602268793978,0.564822460776218,-7.043052746604358e-06,-0.0051008488879475365,0.0057507122386593525
group wedge breakout,train,yes,182,0.053294066498296926,0.7142857142857143,0.038353694801947856,0.023890905641440748,0.05195507386988778
group wedge breakout,train,no,986,0.028001740381053835,0.6490872210953347,0.01391257554091812,0.007651715031526204,0.019610391908662622
group wedge breakout,test,yes,154,0.02616407563465601,0.6363636363636364,0.012150224640323842,-0.0032201509764362285,0.027749374557654274
group wedge breakout,test,no,1207,0.014298585689601255,0.5675227837613919,0.0011210550341713582,-0.004415603015654954,0.0066166212755808486
another member signalled,train,yes,719,0.03932160692160861,0.6954102920723226,0.02449456459504257,0.017884411310637335,0.0312901499429936
another member signalled,train,no,449,0.020126950427110317,0.6013363028953229,0.006874342969853378,-0.00260699077439241,0.015873309923643594
another member signalled,test,yes,813,0.019261763786252002,0.5793357933579336,0.005681140487982825,-0.0014703359245429248,0.01294307151381602
another member signalled,test,no,548,0.010269793096465082,0.5693430656934306,-0.00254474305816667,-0.010789052862472016,0.005618303115774811
stock below its group (z < -1),train,yes,200,0.03021766635550283,0.67,0.017993118063379075,-0.00026355332531837405,0.03341090590178963
stock below its group (z < -1),train,no,968,0.03229927980093859,0.6570247933884298,0.01766482264940492,0.011659177964569152,0.023622677155640853
stock below its group (z < -1),test,yes,201,0.02035707188740504,0.582089552238806,0.006231272787011383,-0.009680152314620823,0.023729284618615492
stock below its group (z < -1),test,no,1160,0.014824042349756322,0.5741379310344827,0.0016997949919529429,-0.003562468546125689,0.00725558762465355
