condition,train_diff_20,train_n_yes_20,train_diff_60,train_n_yes_60,test_diff_20,test_n_yes_20,test_diff_60,test_n_yes_60,years_positive,consistent
group beaten down,0.004338369866138697,251,-0.017384871497722835,251,0.019431665276643223,104,0.010155294638947505,95,4/7,False
group wedge breakout,0.022526304104153065,89,-0.03758225539302566,89,0.01924392752630188,36,0.026034907899640452,34,5/8,True
group in a wedge,-0.02145473648945484,89,-0.0061467103231556755,89,-0.027454142017286534,78,0.002551550949252232,73,0/6,False
most members beaten down,0.012414878483215437,231,-0.021786934901537852,231,0.018828434742564213,86,-0.008775355298062275,81,6/6,True
another member signalled,0.022139554639738344,297,-0.007762178620765611,297,-7.052933102814733e-05,216,-0.014822842307991512,204,6/8,False
stock below its group (z < -1),0.007044510232539748,72,-0.011586046575261483,72,0.023146525195379894,35,0.010044885353394553,34,7/8,True
stock above its group (z > +1),0.01969640210129619,41,0.021019103220557632,41,-0.024042266668489035,42,0.01304450042766005,39,3/5,False
group beaten down AND group wedge breakout,0.026085734141004402,63,-0.07242947435467313,63,0.03504912424085466,11,-0.005338897520897275,10,2/3,True
group beaten down OR most members beaten down,0.00951842244617733,264,-0.013221567980454079,264,0.0186802191307808,116,-0.006560122036936664,107,4/7,True
